"Year","Visit_date","District","School","Long","Lat","Test","Age","Num_sampled_Sh","Num_pos_Sh","Shprev","Num_sampled_Sman","Num_pos_Sman","Smanprev","Num_sampled_anySCH","Num_pos_anySCH","anySCHprev","Num_sampled_Asc","Num_pos_Asc","Ascprev","Num_sampled_Hkw","Num_pos_Hkw","Hkwprev","Num_sampled_Tri","Num_pos_Tri","Triprev","Num_sampled_anySTH","Num_pos_anySTH","anySTHprev"
2012,NA,"BALAKA","CHIDALALA",34.97225,-15.026585,"KK/UF","1014",30,3,0.1,30,0,0,30,3,0.1,30,0,0,30,0,0,30,0,0,30,0,0
2012,NA,"BALAKA","CHIGUMULA PRIMARY SCHOOL",35.06793,-14.99746,"KK/UF","1014",30,2,0.0666666666666667,30,0,0,30,2,0.0666666666666667,30,0,0,30,0,0,30,0,0,30,0,0
2012,NA,"BALAKA","CHILANGA",35.184315,-14.968725,"KK/UF","1014",30,5,0.166666666666667,30,0,0,30,5,0.166666666666667,30,0,0,30,0,0,30,0,0,30,0,0
2012,NA,"BALAKA","DALABANI",35.021745,-14.8754,"KK/UF","1114",30,7,0.233333333333333,0,0,NA,30,7,0.233333333333333,0,0,NA,30,2,0.0666666666666667,0,0,NA,30,2,0.0666666666666667
2012,NA,"BALAKA","FERRY",35.20802,-15.05222,"KK/UF","1014",30,7,0.233333333333333,30,0,0,30,7,0.233333333333333,30,0,0,30,0,0,30,0,0,30,0,0
2012,NA,"BALAKA","KAPALAMULA CATHOLIC",34.8961,-14.95731,"KK/UF","1014",30,2,0.0666666666666667,30,0,0,30,2,0.0666666666666667,30,0,0,30,0,0,30,0,0,30,0,0
2012,NA,"BALAKA","KAPANDATSITSI",35.09708,-14.96569,"KK/UF","1014",30,6,0.2,30,0,0,30,6,0.2,30,0,0,30,0,0,30,0,0,30,0,0
2012,NA,"BALAKA","M'MANGA",35.18489,-15.04657,"KK/UF","1014",30,5,0.166666666666667,30,0,0,30,5,0.166666666666667,30,0,0,30,0,0,30,0,0,30,0,0
2012,NA,"BALAKA","MGOMWA",35.02077,-15.2308,"KK/UF","1014",30,9,0.3,30,0,0,30,9,0.3,30,0,0,30,0,0,30,0,0,30,0,0
2012,NA,"BALAKA","MPINIUMODZI",35.116715,-14.848475,"KK/UF","1114",30,4,0.133333333333333,0,0,NA,30,4,0.133333333333333,0,0,NA,30,0,0,0,0,NA,30,0,0
2012,NA,"BALAKA","MPONDA PRIMARY SCHOOL",34.94433,-14.98581,"KK/UF","1014",30,7,0.233333333333333,30,0,0,30,7,0.233333333333333,30,0,0,30,0,0,30,0,0,30,0,0
2012,NA,"BALAKA","MSUNUZI PRIMARY SCHOOL",35.009535,-15.2892,"KK/UF","1014",30,9,0.3,30,0,0,30,9,0.3,30,0,0,30,0,0,30,0,0,30,0,0
2012,NA,"BALAKA","MTSIMUKE PRIMARY",34.95498,-15.2532,"KK/UF","1014",30,2,0.0666666666666667,30,0,0,30,2,0.0666666666666667,30,0,0,30,0,0,30,0,0,30,0,0
2012,NA,"BALAKA","MUTHE",35.03246,-15.12046,"KK/UF","1014",30,2,0.0666666666666667,30,0,0,30,2,0.0666666666666667,30,0,0,30,2,0.0666666666666667,30,0,0,30,2,0.0666666666666667
2012,NA,"BALAKA","NAMALOMBA",35.201295,-14.845395,"KK/UF","1014",31,5,0.161290322580645,30,0,NA,31,5,0.161290322580645,30,0,NA,31,2,0.0645161290322581,30,0,NA,31,2,0.0645161290322581
2012,NA,"BALAKA","NAMANOLO",35.18789,-15.00249,"KK/UF","1114",31,9,0.290322580645161,30,3,NA,31,10,0.32258064516129,30,0,NA,31,0,0,30,0,NA,31,0,0
2012,NA,"BALAKA","NG'ONGA PRIMARY SCHOOL",35.03257,-15.02395,"KK/UF","1014",30,0,0,30,0,0,30,0,0,30,0,0,30,0,0,30,0,0,30,0,0
2012,NA,"BALAKA","RIVIRIVI PRIMARY SCHOOL",34.934375,-15.02618,"KK/UF","1114",30,7,0.233333333333333,30,0,0,30,7,0.233333333333333,30,0,0,30,0,0,30,0,0,30,0,0
2012,NA,"BALAKA","ULONGWE 2",35.171565,-14.84458,"KK/UF","1014",30,5,0.166666666666667,30,2,0.0666666666666667,30,5,0.166666666666667,30,0,0,30,1,0.0333333333333333,30,0,0,30,1,0.0333333333333333
2012,NA,"BALAKA","YIWULA",34.99813,-14.82058,"KK/UF","1214",30,9,0.3,0,0,NA,30,9,0.3,0,0,NA,30,0,0,0,0,NA,30,0,0
2012,NA,"BLANTY","ANDISEN PRIMARY SCHOOL",34.910505,-15.676695,"KK/UF","1114",30,6,0.2,30,0,0,30,6,0.2,30,0,0,30,0,0,30,0,0,30,0,0
2012,NA,"BLANTY","BANGWE CATHOLIC",35.088245,-15.824605,"KK/UF","1014",30,6,0.2,30,0,0,30,6,0.2,30,0,0,30,3,0.1,30,0,0,30,3,0.1
2012,NA,"BLANTY","BLANTYRE GIRLS PRIMARY",35.02418,-15.78169,"KK/UF","1014",30,2,0.0666666666666667,30,0,0,30,2,0.0666666666666667,30,0,0,30,2,0.0666666666666667,30,0,0,30,2,0.0666666666666667
2012,NA,"BLANTY","CHICHIRI PRIMARY",35.04384,-15.803,"KK/UF","1014",30,3,0.1,29,2,NA,30,4,0.133333333333333,30,0,0,30,0,0,30,0,0,30,0,0
2012,NA,"BLANTY","CHIGOMBE L E A",34.8707,-15.32929,"KK/UF","1114",30,6,0.2,30,8,0.266666666666667,30,12,0.4,30,0,0,30,0,0,30,0,0,30,0,0
2012,NA,"BLANTY","CHILOMONI L.E.A.",34.97821,-15.77874,"KK/UF","1014",31,5,0.161290322580645,31,0,0,31,5,0.161290322580645,30,0,NA,31,0,0,30,0,NA,31,0,0
2012,NA,"BLANTY","CHIMWAKHUNDA",35.01118,-15.826525,"KK/UF","1014",30,8,0.266666666666667,30,2,0.0666666666666667,30,8,0.266666666666667,30,0,0,30,0,0,30,0,0,30,0,0
2012,NA,"BLANTY","CHIRIMBA PRIMARY SCHOOL",35.01835,-15.744475,"KK/UF","1014",30,4,0.133333333333333,30,2,0.0666666666666667,30,5,0.166666666666667,30,0,0,30,0,0,30,0,0,30,0,0
2012,NA,"BLANTY","CHISAWANI",34.9611,-15.873945,"KK/UF","1014",30,8,0.266666666666667,30,0,0,30,8,0.266666666666667,30,0,0,30,0,0,30,0,0,30,0,0
2012,NA,"BLANTY","CHIVUMBE",35.065725,-15.269865,"KK/UF","1114",30,10,0.333333333333333,30,2,0.0666666666666667,30,10,0.333333333333333,30,0,0,30,0,0,30,2,0.0666666666666667,30,2,0.0666666666666667
2012,NA,"BLANTY","ELIM PRIVATE PRIMARY SCH",35.029075,-15.76462,"KK/UF","1014",30,0,0,30,0,0,30,0,0,30,0,0,30,0,0,30,0,0,30,0,0
2012,NA,"BLANTY","GREEN ACRESS PRIVATE PRI",35.07921,-15.732825,"KK/UF","1013",30,2,0.0666666666666667,15,0,NA,30,2,0.0666666666666667,0,0,NA,15,0,NA,0,0,NA,30,0,0
2012,NA,"BLANTY","KACHANGA L E A",34.980545,-15.68579,"KK/UF","1014",33,7,0.212121212121212,33,3,0.0909090909090909,33,8,0.242424242424242,33,0,0,33,0,0,33,0,0,33,0,0
2012,NA,"BLANTY","KACHERE 1",34.93577,-15.588565,"KK/UF","1014",30,8,0.266666666666667,30,19,0.633333333333333,30,19,0.633333333333333,30,0,0,30,0,0,30,0,0,30,0,0
2012,NA,"BLANTY","KANJEDZA PRIMARY",35.051335,-15.812685,"KK/UF","1014",30,7,0.233333333333333,30,0,0,30,7,0.233333333333333,30,2,0.0666666666666667,30,3,0.1,30,0,0,30,4,0.133333333333333
2012,NA,"BLANTY","KAPENI PRIMARY SCHOOL",35.039895,-15.83188,"KK/UF","1014",30,3,0.1,30,2,0.0666666666666667,30,4,0.133333333333333,30,0,0,30,0,0,28,0,NA,30,0,0
2012,NA,"BLANTY","KATETE 1 FP SCHOOL",35.019235,-15.210035,"KK/UF","1014",30,6,0.2,29,0,NA,30,6,0.2,30,0,0,30,0,0,30,0,0,30,0,0
2012,NA,"BLANTY","LILANGWE F P SCHOOL",35.025385,-15.529755,"KK/UF","1014",30,8,0.266666666666667,30,2,0.0666666666666667,30,9,0.3,30,0,0,30,0,0,30,0,0,30,0,0
2012,NA,"BLANTY","LIMBE PRIMARY",35.05498,-15.80926,"KK/UF","1014",30,6,0.2,30,0,0,30,6,0.2,30,2,0.0666666666666667,30,0,0,30,0,0,30,2,0.0666666666666667
2012,NA,"BLANTY","LUNZU CATHOLIC",35.01972,-15.648545,"KK/UF","1014",30,13,0.433333333333333,30,0,0,30,13,0.433333333333333,30,0,0,30,2,0.0666666666666667,30,0,0,30,2,0.0666666666666667
2012,NA,"BLANTY","MAKATA CCAP SCHOOL",35.03978,-15.769615,"KK/UF","1014",30,5,0.166666666666667,29,0,NA,30,5,0.166666666666667,29,0,NA,30,0,0,29,0,NA,30,0,0
2012,NA,"BLANTY","MANYOWE F.P.",34.98288,-15.81084,"KK/UF","1014",30,5,0.166666666666667,30,2,0.0666666666666667,30,6,0.2,30,0,0,30,2,0.0666666666666667,30,0,0,30,2,0.0666666666666667
2012,NA,"BLANTY","MAPAZI",35.089585,-15.697925,"KK/UF","1014",30,0,0,30,2,0.0666666666666667,30,2,0.0666666666666667,30,0,0,30,0,0,30,0,0,30,0,0
2012,NA,"BLANTY","MATINDI PRIMARY SCHOOL",35.02467,-15.59331,"KK/UF","1014",30,14,0.466666666666667,30,6,0.2,30,15,0.5,30,0,0,30,0,0,30,0,0,30,0,0
2012,NA,"BLANTY","MDEKA PRIMARY SCHOOL",34.936895,-15.47486,"KK/UF","1014",30,4,0.133333333333333,30,2,0.0666666666666667,30,5,0.166666666666667,30,0,0,30,0,0,30,0,0,30,0,0
2012,NA,"BLANTY","MICHIRU L E A",34.950595,-15.698435,"KK/UF","1015",32,19,0.59375,32,3,0.09375,32,19,0.59375,32,0,0,32,2,0.0625,32,1,0.03125,32,2,0.0625
2012,NA,"BLANTY","MTENJERA PRIMARY SCHOOL",35.000575,-15.650115,"KK/UF","1214",30,9,0.3,30,0,0,30,9,0.3,30,0,0,30,3,0.1,30,0,0,30,3,0.1
2012,NA,"BLANTY","NAMAME",35.04102,-15.85518,"KK/UF","1114",32,0,0,32,0,0,32,0,0,32,0,0,32,0,0,32,0,0,32,0,0
2012,NA,"BLANTY","NANCHOLI",34.976045,-15.836465,"KK/UF","1014",30,4,0.133333333333333,30,0,0,30,4,0.133333333333333,30,0,0,30,0,0,30,0,0,30,0,0
2012,NA,"BLANTY","NAOTCHA PRIMARY SCHOOL",35.00618,-15.83877,"KK/UF","1014",30,9,0.3,30,0,0,30,9,0.3,30,0,0,30,2,0.0666666666666667,29,0,NA,30,2,0.0666666666666667
2012,NA,"BLANTY","NAYIZI",35.089565,-15.840495,"KK/UF","1014",30,6,0.2,30,0,0,30,6,0.2,30,0,0,30,0,0,30,0,0,30,0,0
2012,NA,"BLANTY","NDIRANDE LEA",35.04225,-15.78066,"KK/UF","1014",30,5,0.166666666666667,30,2,0.0666666666666667,30,6,0.2,30,0,0,30,0,0,30,0,0,30,0,0
2012,NA,"BLANTY","NG'ONGA",35.023025,-15.549485,"KK/UF","1014",30,16,0.533333333333333,30,3,0.1,30,17,0.566666666666667,30,0,0,30,0,0,30,0,0,30,0,0
2012,NA,"BLANTY","NGUMBE",35.00403,-15.695865,"KK/UF","1014",30,15,0.5,30,0,0,30,15,0.5,30,0,0,30,0,0,30,0,0,30,0,0
2012,NA,"BLANTY","NKOLOKOTI PRIMARY SCHOOL",35.07583,-15.763085,"KK/UF","1014",30,6,0.2,30,2,0.0666666666666667,30,7,0.233333333333333,30,0,0,30,0,0,25,0,NA,30,0,0
2012,NA,"BLANTY","NTONDA",34.98443,-15.86157,"KK/UF","1014",30,5,0.166666666666667,30,0,0,30,5,0.166666666666667,30,0,0,30,2,0.0666666666666667,30,0,0,30,2,0.0666666666666667
2012,NA,"BLANTY","ST PIUS BOYS",35.020185,-15.81682,"KK/UF","1013",30,0,0,30,0,0,30,0,0,30,0,0,30,0,0,30,0,0,30,0,0
2012,NA,"BLANTY","ST PIUS GIRLS PRIMARY",35.020185,-15.81682,"KK/UF","1014",30,2,0.0666666666666667,30,0,0,30,2,0.0666666666666667,30,0,0,30,0,0,30,0,0,30,0,0
2012,NA,"BLANTY","ST. MARIA GOLETI",35.07087,-15.802075,"KK/UF","1013",30,5,0.166666666666667,30,0,0,30,5,0.166666666666667,30,2,0.0666666666666667,30,0,0,30,0,0,30,2,0.0666666666666667
2012,NA,"BLANTY","ZINGWANGWA",35.01021,-15.821415,"KK/UF","1014",30,3,0.1,30,1,0.0333333333333333,30,3,0.1,30,1,0.0333333333333333,30,1,0.0333333333333333,30,0,0,30,1,0.0333333333333333
2012,NA,"CHIRAD","CHIKANGULU",35.280645,-15.783675,"KK/UF","1114",30,11,0.366666666666667,30,0,0,30,11,0.366666666666667,30,0,0,30,0,0,30,0,0,30,0,0
2012,NA,"CHIRAD","CHIMGALA",35.144125,-15.74703,"KK/UF","1114",30,10,0.333333333333333,30,0,0,30,10,0.333333333333333,30,0,0,30,0,0,30,0,0,30,0,0
2012,NA,"CHIRAD","CHIMWANKHUNDA",35.2486485,-15.71292,"KK/UF","1114",30,24,0.8,30,2,0.0666666666666667,30,24,0.8,30,0,0,30,0,0,30,0,0,30,0,0
2012,NA,"CHIRAD","CHIRADZULU URBAN PRIMARY",35.184215,-15.70157,"KK/UF","1014",30,3,0.1,30,0,0,30,3,0.1,30,0,0,30,0,0,30,0,0,30,0,0
2012,NA,"CHIRAD","CHODA",35.24663,-15.88366,"KK/UF","1014",30,16,0.533333333333333,19,2,NA,30,16,0.533333333333333,19,1,NA,30,1,0.0333333333333333,19,0,NA,30,1,0.0333333333333333
2012,NA,"CHIRAD","GOLOGOTA",25.40918,-25.40918,"KK/UF","1114",30,5,0.166666666666667,30,0,0,30,5,0.166666666666667,30,0,0,30,0,0,30,0,0,30,0,0
2012,NA,"CHIRAD","LILANGWE PRIMARY SCHOOL",35.14776,-15.571645,"KK/UF","1014",30,4,0.133333333333333,30,2,0.0666666666666667,30,5,0.166666666666667,30,2,0.0666666666666667,30,0,0,30,0,0,30,2,0.0666666666666667
2012,NA,"CHIRAD","MAIWA PRIMARY",35.20875,-15.72386,"KK/UF","1214",30,11,0.366666666666667,30,2,0.0666666666666667,30,11,0.366666666666667,30,0,0,30,0,0,30,0,0,30,0,0
2012,NA,"CHIRAD","MALAVI",35.14981,-15.83322,"KK/UF","1014",30,9,0.3,30,0,0,30,9,0.3,30,0,0,30,0,0,30,0,0,30,0,0
2012,NA,"CHIRAD","MALIRE",35.311995,-15.891715,"KK/UF","1114",30,12,0.4,30,3,0.1,30,13,0.433333333333333,30,0,0,30,0,0,30,0,0,30,0,0
2012,NA,"CHIRAD","MOMBEZI",35.29269,-15.7114,"KK/UF","1214",30,20,0.666666666666667,30,0,0,30,20,0.666666666666667,30,0,0,29,2,NA,30,0,0,30,2,0.0666666666666667
2012,NA,"CHIRAD","MULUMA",35.232335,-15.603605,"KK/UF","1114",30,13,0.433333333333333,30,26,0.866666666666667,30,26,0.866666666666667,30,0,0,30,0,0,30,0,0,30,0,0
2012,NA,"CHIRAD","NAMADIDI",35.29558,-15.875115,"KK/UF","1114",30,12,0.4,30,6,0.2,30,14,0.466666666666667,29,0,NA,30,0,0,29,0,NA,30,0,0
2012,NA,"CHIRAD","NAMITAMBO",35.26199,-15.84265,"KK/UF","1014",30,12,0.4,30,0,0,30,12,0.4,30,0,0,30,0,0,30,0,0,30,0,0
2012,NA,"CHIRAD","NAMITHI PRIMARY SCHOOL",35.114575,-15.591455,"KK/UF","1014",30,3,0.1,30,0,0,30,3,0.1,30,0,0,30,0,0,30,0,0,30,0,0
2012,NA,"CHIRAD","NDUNDE CCAP",35.24312,-15.69866,"KK/UF","1114",30,16,0.533333333333333,30,2,0.0666666666666667,30,17,0.566666666666667,30,0,0,30,2,0.0666666666666667,30,0,0,30,2,0.0666666666666667
2012,NA,"CHIRAD","NGULUDI  BOYS  PRIMARY S",35.16827,-15.80009,"KK/UF","1014",30,5,0.166666666666667,30,2,0.0666666666666667,30,6,0.2,29,0,NA,30,2,0.0666666666666667,30,0,0,30,2,0.0666666666666667
2012,NA,"CHIRAD","NGULUDI GIRLS PRIMARY SC",35.169115,-15.8003,"KK/UF","1014",30,3,0.1,30,0,0,30,3,0.1,30,0,0,30,2,0.0666666666666667,30,0,0,30,2,0.0666666666666667
2012,NA,"CHIRAD","PIM PRIMARY",35.19269,-15.75419,"KK/UF","1014",30,14,0.466666666666667,30,0,0,30,14,0.466666666666667,30,0,0,30,0,0,30,0,0,30,0,0
2012,NA,"CHIRAD","ZAONE",35.11116,-15.83715,"KK/UF","1014",30,3,0.1,30,0,0,30,3,0.1,30,0,0,30,0,0,30,0,0,30,0,0
2012,NA,"LILONG","AMWIRI PRIMARY",33.443675,-14.157055,"KK/UF","1013",30,12,0.4,30,0,0,30,12,0.4,30,0,0,30,0,0,30,0,0,30,0,0
2012,NA,"LILONG","CHANKHANDWE F.P. SCHOOL",33.6582,-14.26648,"KK/UF","1013",30,7,0.233333333333333,30,3,0.1,30,7,0.233333333333333,30,0,0,30,3,0.1,30,0,0,30,3,0.1
2012,NA,"LILONG","CHIGODI PRIMARY SCHOOL",34.05754,-14.06694,"KK/UF","1114",30,0,0,30,0,0,30,0,0,30,2,0.0666666666666667,30,0,0,30,0,0,30,2,0.0666666666666667
2012,NA,"LILONG","CHIKHUTU PRIMARY FULL PR",33.68216,-13.74844,"KK/UF","1115",30,0,0,30,0,0,30,0,0,30,0,0,30,2,0.0666666666666667,30,0,0,30,2,0.0666666666666667
2012,NA,"LILONG","CHIMGONERA PRIMARY",33.550555,-14.158295,"KK/UF","1014",30,4,0.133333333333333,30,0,0,30,4,0.133333333333333,30,0,0,30,0,0,30,0,0,30,0,0
2012,NA,"LILONG","CHIMVITE PRIMARY",33.58151,-14.018665,"KK/UF","1013",30,2,0.0666666666666667,30,0,0,30,2,0.0666666666666667,30,0,0,30,0,0,30,0,0,30,0,0
2012,NA,"LILONG","CHINSAPO PRIMARY SCHOOL",33.731255,-14.01278,"KK/UF","1014",30,4,0.133333333333333,30,3,0.1,30,6,0.2,30,0,0,30,2,0.0666666666666667,30,0,0,30,2,0.0666666666666667
2012,NA,"LILONG","CHIPALA PRIMARY SCHOOL",33.772475,-13.904685,"KK/UF","1014",30,0,0,30,0,0,30,0,0,30,0,0,30,0,0,30,0,0,30,0,0
2012,NA,"LILONG","CHITEDZE LEA",33.647105,-13.983375,"KK/UF","1014",30,4,0.133333333333333,30,0,0,30,4,0.133333333333333,30,0,0,30,0,0,30,0,0,30,0,0
2012,NA,"LILONG","CHIUNJIZA F.P. SCHOOL",33.729685,-14.19226,"KK/UF","0915",30,6,0.2,30,0,0,30,6,0.2,30,0,0,30,0,0,30,0,0,30,0,0
2012,NA,"LILONG","DZAMA F.P. SCHOOL",33.28447,-13.85599,"KK/UF","1115",30,9,0.3,30,2,0.0666666666666667,30,9,0.3,30,0,0,30,5,0.166666666666667,30,0,0,30,5,0.166666666666667
2012,NA,"LILONG","DZENZA PRIMARY",33.74628,-13.87827,"KK/UF","0915",30,2,0.0666666666666667,30,6,0.2,30,6,0.2,30,1,0.0333333333333333,30,1,0.0333333333333333,30,0,0,30,1,0.0333333333333333
2012,NA,"LILONG","FALLS BAPTIST PRIMARY",33.787235,-14.0031,"KK/UF","1014",30,3,0.1,30,3,0.1,30,4,0.133333333333333,30,0,0,30,2,0.0666666666666667,30,0,0,30,2,0.0666666666666667
2012,NA,"LILONG","GOME PRIMARY",33.59167,-13.957935,"KK/UF","1014",30,10,0.333333333333333,30,0,0,30,10,0.333333333333333,30,0,0,30,0,0,30,0,0,30,0,0
2012,NA,"LILONG","GULULE PRIMARY SCHOOL",33.80751,-14.09272,"KK/UF","1014",30,0,0,30,0,0,30,0,0,30,3,0.1,30,0,0,30,0,0,30,3,0.1
2012,NA,"LILONG","KABUDULA F.P.",33.446165,-13.567755,"KK/UF","1014",30,0,0,30,2,0.0666666666666667,30,2,0.0666666666666667,30,2,0.0666666666666667,30,0,0,30,0,0,30,2,0.0666666666666667
2012,NA,"LILONG","KABUTHU",33.499945,-13.878305,"KK/UF","1015",30,0,0,30,2,0.0666666666666667,30,2,0.0666666666666667,30,0,0,30,3,0.1,30,0,0,30,3,0.1
2012,NA,"LILONG","KACHISWE PRIMARY",33.44804,-14.02887,"KK/UF","1014",30,0,0,30,0,0,30,0,0,30,2,0.0666666666666667,30,0,0,30,0,0,30,2,0.0666666666666667
2012,NA,"LILONG","KAFULU PRIMARY SCHOOL",16.896965,-7.002,"KK/UF","1014",30,0,0,30,0,0,30,0,0,30,0,0,30,0,0,30,0,0,30,0,0
2012,NA,"LILONG","KAKULE PRIMARY SCHOOL",33.715755,-14.017765,"KK/UF","1114",30,7,0.233333333333333,30,10,0.333333333333333,30,14,0.466666666666667,30,0,0,30,0,0,30,0,0,30,0,0
2012,NA,"LILONG","KALONGA LEA SCHOOL",33.75659,-13.93882,"KK/UF","1114",30,5,0.166666666666667,30,6,0.2,30,10,0.333333333333333,30,0,0,30,0,0,30,0,0,30,0,0
2012,NA,"LILONG","KALUMBA PRIMARY SCHOOL",33.8081,-14.08027,"KK/UF","1114",30,0,0,30,0,0,30,0,0,30,2,0.0666666666666667,30,0,0,30,0,0,30,2,0.0666666666666667
2012,NA,"LILONG","KAMKODOLA",33.73538,-13.941835,"KK/UF","1014",30,6,0.2,30,7,0.233333333333333,30,11,0.366666666666667,30,0,0,30,0,0,30,0,0,30,0,0
2012,NA,"LILONG","Kaundama",34.070705,-14.11557,"KK/UF","1015",30,6,0.2,30,12,0.4,30,16,0.533333333333333,30,0,0,30,2,0.0666666666666667,30,0,0,30,2,0.0666666666666667
2012,NA,"LILONG","KAWALE LEA SCHOOL",33.800245,-13.98891,"KK/UF","1013",30,5,0.166666666666667,30,5,0.166666666666667,30,8,0.266666666666667,30,0,0,30,0,0,30,0,0,30,0,0
2012,NA,"LILONG","KHANDA PRIMARY",33.457265,-14.00998,"KK/UF","1014",30,2,0.0666666666666667,30,0,0,30,2,0.0666666666666667,30,0,0,30,0,0,30,0,0,30,0,0
2012,NA,"LILONG","KHUMULA PRIMARY SCHOOL",33.786435,-13.99559,"KK/UF","1014",30,0,0,30,3,0.1,30,3,0.1,30,0,0,30,2,0.0666666666666667,30,0,0,30,2,0.0666666666666667
2012,NA,"LILONG","LIWINGA J.P. SCHOOL",33.346815,-13.895795,"KK/UF","1014",30,2,0.0666666666666667,30,2,0.0666666666666667,30,3,0.1,30,0,0,30,8,0.266666666666667,30,0,0,30,8,0.266666666666667
2012,NA,"LILONG","M'BUKA LEA SCHOOL",33.77811,-14.01436,"KK/UF","1014",30,7,0.233333333333333,30,4,0.133333333333333,30,10,0.333333333333333,30,0,0,30,0,0,30,0,0,30,0,0
2012,NA,"LILONG","MAKUMBI",33.650555,-13.862325,"KK/UF","1015",30,6,0.2,30,4,0.133333333333333,30,9,0.3,30,0,0,29,4,NA,30,0,0,30,4,0.133333333333333
2012,NA,"LILONG","MALEMBE PRIMARY",33.770445,-13.871085,"KK/UF","1015",30,4,0.133333333333333,30,0,0,30,4,0.133333333333333,30,0,0,30,0,0,30,0,0,30,0,0
2012,NA,"LILONG","MALIMBE F.P.",33.560285,-13.932235,"KK/UF","1015",30,7,0.233333333333333,30,0,0,30,7,0.233333333333333,30,0,0,29,0,NA,30,0,0,30,0,0
2012,NA,"LILONG","MALIMBWE F.P. SCHOOL",33.806175,-14.20325,"KK/UF","1114",30,4,0.133333333333333,30,0,0,30,4,0.133333333333333,30,0,0,30,0,0,30,0,0,30,0,0
2012,NA,"LILONG","MATAPILA F.P. SCHOOL",33.9719,-14.00951,"KK/UF","0914",30,3,0.1,30,9,0.3,30,9,0.3,30,0,0,30,2,0.0666666666666667,30,0,0,30,2,0.0666666666666667
2012,NA,"LILONG","MBENDERA PRIMARY",33.608895,-14.10739,"KK/UF","1014",30,11,0.366666666666667,30,0,0,30,11,0.366666666666667,30,3,0.1,30,0,0,30,0,0,30,3,0.1
2012,NA,"LILONG","MBIDZI LEA SCHOOL",33.75523,-13.99736,"KK/UF","1014",30,3,0.1,30,0,0,30,3,0.1,30,0,0,30,2,0.0666666666666667,30,0,0,30,2,0.0666666666666667
2012,NA,"LILONG","MCHESI LEA SCHOOL",33.78918,-13.98681,"KK/UF","1013",30,0,0,30,5,0.166666666666667,30,5,0.166666666666667,30,0,0,30,0,0,30,0,0,30,0,0
2012,NA,"LILONG","MITUNDU PRIMARY",33.778495,-14.245625,"KK/UF","1014",30,2,0.0666666666666667,30,0,0,30,2,0.0666666666666667,30,0,0,30,2,0.0666666666666667,30,0,0,30,2,0.0666666666666667
2012,NA,"LILONG","MLODZA LEA SCHOOL",33.818835,-14.009885,"KK/UF","1014",30,0,0,30,0,0,30,0,0,30,0,0,30,0,0,30,0,0,30,0,0
2012,NA,"LILONG","MNGONGONDA PRIMARY",33.63719,-13.938775,"KK/UF","1014",30,2,0.0666666666666667,30,0,0,30,2,0.0666666666666667,30,0,0,30,0,0,30,0,0,30,0,0
2012,NA,"LILONG","Mphangula F.P School",33.968645,-14.05539,"KK/UF","1015",30,3,0.1,30,3,0.1,30,5,0.166666666666667,30,0,0,30,2,0.0666666666666667,30,0,0,30,2,0.0666666666666667
2012,NA,"LILONG","MSAMBARCHIKHO P/S",33.811895,-77.044025,"KK/UF","1014",30,6,0.2,30,2,0.0666666666666667,30,7,0.233333333333333,30,0,0,30,0,0,30,0,0,30,0,0
2012,NA,"LILONG","Mselera Primary",33.657695,-14.30847,"KK/UF","1014",30,5,0.166666666666667,30,0,0,30,5,0.166666666666667,30,2,0.0666666666666667,30,2,0.0666666666666667,30,0,0,30,3,0.1
2012,NA,"LILONG","MTEMAMBALAME PRIMARY SCH",33.653415,-13.79049,"KK/UF","1015",30,2,0.0666666666666667,30,0,0,30,2,0.0666666666666667,30,0,0,30,0,0,30,0,0,30,0,0
2012,NA,"LILONG","MTSIRIZA LEA",33.737075,-13.952125,"KK/UF","1014",30,6,0.2,30,7,0.233333333333333,30,9,0.3,30,0,0,30,2,0.0666666666666667,30,0,0,30,2,0.0666666666666667
2012,NA,"LILONG","MWATIBU",33.91158,-14.079365,"KK/UF","1015",30,1,0.0333333333333333,30,11,0.366666666666667,30,11,0.366666666666667,30,1,0.0333333333333333,30,1,0.0333333333333333,30,1,0.0333333333333333,30,1,0.0333333333333333
2012,NA,"LILONG","MWENDA PRIMARY",33.79213,-14.12576,"KK/UF","1014",30,11,0.366666666666667,30,0,0,30,11,0.366666666666667,30,0,0,30,0,0,30,0,0,30,0,0
2012,NA,"LILONG","NAMBETA P/S",33.828225,-130.997525,"KK/UF","1013",30,1,0.0333333333333333,29,3,NA,30,3,0.1,28,0,NA,29,1,NA,28,0,NA,30,1,0.0333333333333333
2012,NA,"LILONG","NASALA PRIMARY",33.66479,-14.06049,"KK/UF","1013",30,3,0.1,30,0,0,30,3,0.1,30,0,0,30,0,0,30,0,0,30,0,0
2012,NA,"LILONG","NGULUWE",33.707235,-14.00524,"KK/UF","1114",30,4,0.133333333333333,30,0,0,30,4,0.133333333333333,30,0,0,30,2,0.0666666666666667,30,0,0,30,2,0.0666666666666667
2012,NA,"LILONG","NGWENYA LEA SCHOOL",33.80223,-14.023365,"KK/UF","1014",30,2,0.0666666666666667,30,4,0.133333333333333,30,5,0.166666666666667,30,0,0,30,0,0,30,0,0,30,0,0
2012,NA,"LILONG","NKHOMA CCAP PRIMARY",34.106245,-14.0421,"KK/UF","1014",30,3,0.1,30,0,0,30,3,0.1,30,2,0.0666666666666667,30,0,0,30,0,0,30,2,0.0666666666666667
2012,NA,"LILONG","NKHUKINA PRIMARY",33.786615,-14.08963,"KK/UF","1114",30,3,0.1,30,0,0,30,3,0.1,30,0,0,30,0,0,30,0,0,30,0,0
2012,NA,"LILONG","Nyama F.P School",33.92537,-14.05692,"KK/UF","1115",30,2,0.0666666666666667,30,18,0.6,30,19,0.633333333333333,30,0,0,30,0,0,30,2,0.0666666666666667,30,2,0.0666666666666667
2012,NA,"LILONG","SHIRE URBAN",33.74387,-13.92437,"KK/UF","1011",30,0,0,30,0,0,30,0,0,30,0,0,30,0,0,30,0,0,30,0,0
2012,NA,"LILONG","SIMALAMBO PRIMARY",33.64611,-14.227135,"KK/UF","1115",30,0,0,30,0,0,30,0,0,30,2,0.0666666666666667,30,0,0,30,0,0,30,2,0.0666666666666667
2012,NA,"LILONG","SOS PRIMARY SCHOOL",33.79346,-14.018825,"KK/UF","1014",26,2,0.0769230769230769,26,0,0,26,2,0.0769230769230769,26,0,0,26,0,0,26,0,0,26,0,0
2012,NA,"LILONG","TSABANGO 1",33.8209,-14.01674,"KK/UF","0915",30,2,0.0666666666666667,30,5,0.166666666666667,30,6,0.2,30,0,0,30,2,0.0666666666666667,30,0,0,30,2,0.0666666666666667
2012,NA,"LILONG","TSINKHA J.P SCHOOL",34.031245,-13.973365,"KK/UF","1015",30,0,0,30,25,0.833333333333333,30,25,0.833333333333333,30,0,0,30,0,0,30,0,0,30,0,0
2012,NA,"MWANZA","CHIULI",34.694965,-15.387355,"KK/UF","1114",30,14,0.466666666666667,30,2,0.0666666666666667,30,15,0.5,30,0,0,30,0,0,30,0,0,30,0,0
2012,NA,"MWANZA","KANJEZA PRIMARY SCHOOL",34.49885,-15.539505,"KK/UF","1114",30,0,0,30,0,0,30,0,0,30,0,0,30,0,0,30,0,0,30,0,0
2012,NA,"MWANZA","KHOLOMBIDZO",34.90267,-15.37866,"KK/UF","1014",30,5,0.166666666666667,30,0,0,30,5,0.166666666666667,30,0,0,30,0,0,30,0,0,30,0,0
2012,NA,"MWANZA","MAKALI PRIMARY SCHOOL",34.65548,-25.09026,"KK/UF","1014",30,0,0,30,0,0,30,0,0,30,0,0,30,0,0,30,0,0,30,0,0
2012,NA,"MWANZA","MALIZAKAMBA",34.81991,-15.45868,"KK/UF","1015",30,8,0.266666666666667,30,1,0.0333333333333333,30,8,0.266666666666667,30,0,0,30,2,0.0666666666666667,30,0,0,30,2,0.0666666666666667
2012,NA,"MWANZA","Mchenga Primary School",34.630195,-15.25627,"KK/UF","1014",30,2,0.0666666666666667,30,0,0,30,2,0.0666666666666667,30,0,0,30,0,0,30,0,0,30,0,0
2012,NA,"MWANZA","Muonekera Primary School",34.711195,-15.41485,"KK/UF","1014",30,11,0.366666666666667,30,0,0,30,11,0.366666666666667,30,0,0,30,0,0,30,0,0,30,0,0
2012,NA,"MWANZA","MWANZA",34.45953,-15.584295,"KK/UF","1114",30,2,0.0666666666666667,30,9,0.3,30,10,0.333333333333333,30,0,0,30,0,0,30,0,0,30,0,0
2012,NA,"MWANZA","Nsambe Primary School",34.612405,-15.258685,"KK/UF","1114",30,0,0,30,0,0,30,0,0,30,0,0,30,0,0,30,0,0,30,0,0
2012,NA,"MWANZA","NSAWEDZA",34.934595,-15.29206,"KK/UF","1014",30,2,0.0666666666666667,30,0,0,30,2,0.0666666666666667,30,0,0,30,0,0,30,0,0,30,0,0
2012,NA,"MWANZA","THAWALE",34.499895,-15.68364,"KK/UF","1014",30,16,0.533333333333333,30,0,0,30,16,0.533333333333333,30,0,0,30,0,0,30,0,0,30,0,0
2012,NA,"MWANZA","THETULA",34.46158,-24.9816,"KK/UF","1114",30,2,0.0666666666666667,30,0,0,30,2,0.0666666666666667,30,0,0,30,0,0,30,0,0,30,0,0
2012,NA,"MWANZA","TSUPE",34.39987,-15.726985,"KK/UF","1014",30,22,0.733333333333333,30,0,0,30,22,0.733333333333333,30,0,0,30,0,0,30,0,0,30,0,0
2012,NA,"MZIMBA","CHAMPHAMBA PRIMARY",33.679305,-11.510715,"KK/UF","1014",30,5,0.166666666666667,30,2,0.0666666666666667,30,6,0.2,30,2,0.0666666666666667,30,3,0.1,30,0,0,30,4,0.133333333333333
2012,NA,"MZIMBA","CHANKHANGA F.P.",33.792245,-11.23042,"KK/UF","1120",30,4,0.133333333333333,30,0,0,30,4,0.133333333333333,30,0,0,30,2,0.0666666666666667,30,0,0,30,2,0.0666666666666667
2012,NA,"MZIMBA","CHASAMBA",33.414,-11.204545,"KK/UF","1014",30,3,0.1,30,0,0,30,3,0.1,30,0,0,30,0,0,30,0,0,30,0,0
2012,NA,"MZIMBA","CHIPATA PRIMARY",33.573085,-12.298865,"KK/UF","1014",30,0,0,30,0,0,30,0,0,30,0,0,30,0,0,30,0,0,30,0,0
2012,NA,"MZIMBA","CHIZMYA PRIMARY",33.38006,-12.123915,"KK/UF","1014",28,2,0.0714285714285714,28,0,0,28,2,0.0714285714285714,28,2,0.0714285714285714,28,0,0,28,0,0,28,2,0.0714285714285714
2012,NA,"MZIMBA","EHLEKWENI F.P. SCHOOL",33.846705,-11.417445,"KK/UF","1015",30,17,0.566666666666667,30,1,0.0333333333333333,30,17,0.566666666666667,30,4,0.133333333333333,30,1,0.0333333333333333,30,1,0.0333333333333333,30,4,0.133333333333333
2012,NA,"MZIMBA","EMVUYENI PRIMARY SCHOOL",33.82517,-11.370505,"KK/UF","1014",30,2,0.0666666666666667,30,0,0,30,2,0.0666666666666667,30,0,0,30,2,0.0666666666666667,30,0,0,30,2,0.0666666666666667
2012,NA,"MZIMBA","ENUKWENI F.P.",33.88325,-11.18054,"KK/UF","1114",30,2,0.0666666666666667,30,0,0,30,2,0.0666666666666667,30,0,0,30,0,0,30,2,0.0666666666666667,30,2,0.0666666666666667
2012,NA,"MZIMBA","EZONDWENI PRIMARY",33.747805,-11.396075,"KK/UF","1014",30,0,0,30,0,0,30,0,0,30,0,0,30,0,0,30,0,0,30,0,0
2012,NA,"MZIMBA","HOLERA PRIMARY",33.875485,-11.16625,"KK/UF","1014",30,2,0.0666666666666667,30,0,0,30,2,0.0666666666666667,30,0,0,30,0,0,30,0,0,30,0,0
2012,NA,"MZIMBA","KAFULUFULU FULL PRIMARY",33.79681,-11.5152,"KK/UF","1015",30,3,0.1,30,2,0.0666666666666667,30,4,0.133333333333333,30,3,0.1,30,0,0,30,0,0,30,3,0.1
2012,NA,"MZIMBA","KALOWA PRIMARY",33.57636,-11.858875,"KK/UF","1214",30,6,0.2,30,0,0,30,6,0.2,30,2,0.0666666666666667,30,0,0,30,0,0,30,2,0.0666666666666667
2012,NA,"MZIMBA","KALWEYA PRIMARY",33.44624,-11.887235,"KK/UF","1015",30,6,0.2,30,0,0,30,6,0.2,30,0,0,30,0,0,30,0,0,30,0,0
2012,NA,"MZIMBA","KAMILAWANTHU F.P SCHOOL",33.64491,-12.60687,"KK/UF","1015",30,3,0.1,30,0,0,30,3,0.1,30,0,0,29,4,NA,30,0,0,30,4,0.133333333333333
2012,NA,"MZIMBA","KAMPONDO PRIMARY",33.468225,-11.24582,"KK/UF","1014",30,0,0,30,0,0,30,0,0,30,0,0,30,2,0.0666666666666667,30,0,0,30,2,0.0666666666666667
2012,NA,"MZIMBA","KAPONDELO F.P.",33.986745,-11.25665,"KK/UF","1015",30,5,0.166666666666667,30,0,0,30,5,0.166666666666667,30,0,0,30,4,0.133333333333333,30,0,0,30,4,0.133333333333333
2012,NA,"MZIMBA","KAVYEYO F.P.",33.454475,-12.132605,"KK/UF","1114",30,2,0.0666666666666667,27,0,NA,30,2,0.0666666666666667,27,0,NA,27,2,NA,27,0,NA,30,2,0.0666666666666667
2012,NA,"MZIMBA","KAZENGO F.P.",33.58443,-11.906085,"KK/UF","1014",30,0,0,30,0,0,30,0,0,30,0,0,30,0,0,30,0,0,30,0,0
2012,NA,"MZIMBA","KAZINGILIRA F P SCHOOL",33.649555,-12.283115,"KK/UF","1014",30,2,0.0666666666666667,30,1,0.0333333333333333,30,2,0.0666666666666667,30,1,0.0333333333333333,30,1,0.0333333333333333,30,0,0,30,1,0.0333333333333333
2012,NA,"MZIMBA","LUHOMERO",18.94563,-11.267375,"KK/UF","1115",30,2,0.0666666666666667,30,0,0,30,2,0.0666666666666667,30,0,0,30,0,0,30,0,0,30,0,0
2012,NA,"MZIMBA","LUMEMO F.P.",33.842675,-11.060535,"KK/UF","1015",30,2,0.0666666666666667,30,0,0,30,2,0.0666666666666667,30,0,0,30,2,0.0666666666666667,30,0,0,30,2,0.0666666666666667
2012,NA,"MZIMBA","MABIRI F.P SCHOOL",33.42865,-12.244905,"KK/UF","1014",30,2,0.0666666666666667,30,0,0,30,2,0.0666666666666667,30,0,0,30,0,0,30,0,0,30,0,0
2012,NA,"MZIMBA","MAKAZI F.P.",33.403395,-11.945185,"KK/UF","1115",30,3,0.1,27,0,NA,30,3,0.1,27,0,NA,27,0,NA,27,0,NA,30,0,0
2012,NA,"MZIMBA","MANYAMULA PRIMARY",33.44038,-11.938355,"KK/UF","1014",30,7,0.233333333333333,30,0,0,30,7,0.233333333333333,30,0,0,30,0,0,30,0,0,30,0,0
2012,NA,"MZIMBA","MATALA F.P SCHOOL",33.611045,-11.87988,"KK/UF","1119",30,0,0,30,0,0,30,0,0,30,0,0,30,0,0,30,0,0,30,0,0
2012,NA,"MZIMBA","MATIKIJA F.P.",33.39259,-12.16738,"KK/UF","1014",30,7,0.233333333333333,30,0,0,30,7,0.233333333333333,30,0,0,30,2,0.0666666666666667,30,0,0,30,2,0.0666666666666667
2012,NA,"MZIMBA","MAWOWO F.P.",33.401885,-11.98271,"KK/UF","1014",30,10,0.333333333333333,30,2,0.0666666666666667,30,10,0.333333333333333,30,0,0,30,4,0.133333333333333,30,0,0,30,4,0.133333333333333
2012,NA,"MZIMBA","MBANGWENI CCAP PRIMARY",33.477635,-12.138245,"KK/UF","1014",30,2,0.0666666666666667,30,0,0,30,2,0.0666666666666667,30,0,0,30,0,0,30,0,0,30,0,0
2012,NA,"MZIMBA","MGUNGULU PRIMARY",33.70478,-12.211315,"KK/UF","1014",30,0,0,30,0,0,30,0,0,30,0,0,30,0,0,30,0,0,30,0,0
2012,NA,"MZIMBA","MKAZIMASIKA F P SCHOOL",33.579715,-12.534485,"KK/UF","1014",30,14,0.466666666666667,30,0,0,30,14,0.466666666666667,30,0,0,30,0,0,30,0,0,30,0,0
2012,NA,"MZIMBA","MTENTHE PRIMARY",33.49013,-11.85799,"KK/UF","1214",30,4,0.133333333333333,30,0,0,30,4,0.133333333333333,30,0,0,30,4,0.133333333333333,30,0,0,30,4,0.133333333333333
2012,NA,"MZIMBA","MZALAGWE F.P. SCHOOL",33.56598,-11.58729,"KK/UF","1015",30,2,0.0666666666666667,30,0,0,30,2,0.0666666666666667,30,0,0,30,0,0,30,0,0,30,0,0
2012,NA,"MZIMBA","MZAMBAZI PRIMARY",33.449195,-11.42723,"KK/UF","1015",30,4,0.133333333333333,30,0,0,30,4,0.133333333333333,25,0,NA,30,0,0,30,0,0,30,0,0
2012,NA,"MZIMBA","MZIMBA L.E.A.",33.58941,-11.890485,"KK/UF","1013",30,2,0.0666666666666667,30,0,0,30,2,0.0666666666666667,30,0,0,30,0,0,30,0,0,30,0,0
2012,NA,"MZIMBA","NKHUTU F P SCHOOL",33.70876,-12.29724,"KK/UF","1016",30,4,0.133333333333333,30,4,0.133333333333333,30,6,0.2,30,2,0.0666666666666667,30,0,0,30,0,0,30,2,0.0666666666666667
2012,NA,"MZIMBA","SASA F.P SCHOOL",33.53759,-11.58452,"KK/UF","1115",30,0,0,30,0,0,30,0,0,30,0,0,30,0,0,30,0,0,30,0,0
2012,NA,"MZIMBA","ST. MICHAELS PRIMARY SCH",33.890835,-11.37312,"KK/UF","1014",30,4,0.133333333333333,30,2,0.0666666666666667,30,5,0.166666666666667,30,0,0,30,2,0.0666666666666667,30,0,0,30,2,0.0666666666666667
2012,NA,"MZIMBA","THOZA PRIMARY",33.52374,-12.08489,"KK/UF","1114",30,3,0.1,30,0,0,30,3,0.1,30,2,0.0666666666666667,30,0,0,30,0,0,30,2,0.0666666666666667
2012,NA,"MZIMBA","ZUKUMA F.P SCHOOL",33.620275,-11.55928,"KK/UF","1016",30,2,0.0666666666666667,30,0,0,30,2,0.0666666666666667,30,0,0,30,2,0.0666666666666667,30,0,0,30,2,0.0666666666666667
2012,NA,"MZUZU","AREA 1B F P SCHOOL",33.994915,-11.40484,"KK/UF","1014",30,0,0,30,0,0,30,0,0,30,0,0,30,0,0,30,0,0,30,0,0
2012,NA,"MZUZU","CHAMALAZA F.P. SCHOOL",34.0425,-11.3754,"KK/UF","1015",30,0,0,30,0,0,30,0,0,30,0,0,30,0,0,30,0,0,30,0,0
2012,NA,"MZUZU","CHIPUTULA FULL PRIMARY S",34.019225,-11.43676,"KK/UF","1015",30,0,0,30,0,0,30,0,0,30,2,0.0666666666666667,30,0,0,30,0,0,30,2,0.0666666666666667
2012,NA,"MZUZU","DOROBA PRIMARY",33.985545,-11.35899,"KK/UF","1014",30,2,0.0666666666666667,30,0,0,30,2,0.0666666666666667,30,0,0,30,0,0,30,0,0,30,0,0
2012,NA,"MZUZU","GEISHA PRIMARY SCHOOL",33.983945,-11.480045,"KK/UF","1014",30,0,0,30,0,0,30,0,0,30,0,0,30,5,0.166666666666667,30,0,0,30,5,0.166666666666667
2012,NA,"MZUZU","KATAWA CCAP PRIMARY SCHO",34.02689,-11.444455,"KK/UF","1013",30,0,0,30,0,0,30,0,0,30,2,0.0666666666666667,30,0,0,30,0,0,30,2,0.0666666666666667
2012,NA,"MZUZU","KATOTO PRIMARY SCHOOL",34.009185,-11.45891,"KK/UF","1014",30,2,0.0666666666666667,30,4,0.133333333333333,30,5,0.166666666666667,30,2,0.0666666666666667,30,0,0,30,0,0,30,2,0.0666666666666667
2012,NA,"MZUZU","KAVIWALE PRIMARY",33.978875,-11.455235,"KK/UF","1013",30,2,0.0666666666666667,30,0,0,30,2,0.0666666666666667,30,0,0,30,0,0,30,0,0,30,0,0
2012,NA,"MZUZU","LUNYANGWA GIRLS PRIMARY",34.02556,-11.45171,"KK/UF","1014",30,1,0.0333333333333333,30,2,0.0666666666666667,30,2,0.0666666666666667,30,2,0.0666666666666667,30,2,0.0666666666666667,30,0,0,30,3,0.1
2012,NA,"MZUZU","MASASA PRIMARY SCHOOL",34.02225,-11.47508,"KK/UF","1013",30,0,0,30,0,0,30,0,0,30,0,0,30,1,0.0333333333333333,30,0,0,30,1,0.0333333333333333
2012,NA,"MZUZU","MCHENGAUTUWA 1",33.993325,-11.45547,"KK/UF","1113",30,4,0.133333333333333,30,6,0.2,30,9,0.3,30,0,0,30,2,0.0666666666666667,30,0,0,30,2,0.0666666666666667
2012,NA,"MZUZU","MGATHIRA PRIMARY SCHOOL",34.046635,-11.432885,"KK/UF","1014",30,0,0,30,0,0,30,0,0,30,0,0,30,0,0,30,0,0,30,0,0
2012,NA,"MZUZU","MOYALE PRIMARY SCHOOL",34.03731,-11.45771,"KK/UF","1013",30,2,0.0666666666666667,30,2,0.0666666666666667,30,3,0.1,30,0,0,30,0,0,30,0,0,30,0,0
2012,NA,"MZUZU","MSONGWE FP SCHOOL",34.04383,-11.469285,"KK/UF","1115",30,0,0,30,0,0,30,0,0,30,0,0,30,2,0.0666666666666667,30,0,0,30,2,0.0666666666666667
2012,NA,"MZUZU","MZUZU CCAP",34.01954,-11.45702,"KK/UF","1014",30,2,0.0666666666666667,30,0,0,30,2,0.0666666666666667,30,2,0.0666666666666667,30,0,0,30,0,0,30,2,0.0666666666666667
2012,NA,"MZUZU","MZUZU FOUNDATION P/SCH",33.98936,-11.42502,"KK/UF","1114",30,0,0,30,0,0,30,0,0,30,0,0,30,0,0,30,0,0,30,0,0
2012,NA,"MZUZU","NAMBO FP SCHOOL",33.9817,-11.47075,"KK/UF","1015",30,3,0.1,30,3,0.1,30,5,0.166666666666667,30,0,0,30,0,0,30,0,0,30,0,0
2012,NA,"MZUZU","NKHORONGO PRIMARY SCHOOL",33.98612,-11.38975,"KK/UF","1015",30,0,0,30,2,0.0666666666666667,30,2,0.0666666666666667,30,0,0,30,0,0,30,0,0,30,0,0
2012,NA,"MZUZU","NSONDA PRIMARY",33.97118,-11.44112,"KK/UF","1114",30,3,0.1,30,0,0,30,3,0.1,30,0,0,30,0,0,30,0,0,30,0,0
2012,NA,"MZUZU","ST PETERS",34.025315,-11.45309,"KK/UF","1014",30,0,0,30,3,0.1,30,3,0.1,30,4,0.133333333333333,30,0,0,30,0,0,30,4,0.133333333333333
2012,NA,"NENO","CHIRIMBONDO",34.574615,-15.387185,"KK/UF","1014",30,0,0,30,0,0,30,0,0,30,0,0,30,0,0,30,0,0,30,0,0
2012,NA,"NENO","Ligowe",34.651965,-15.47522,"KK/UF","1014",30,0,0,30,0,0,30,0,0,30,0,0,30,0,0,30,0,0,30,0,0
2012,NA,"NTCHEU","BANDA",34.89889,14.839785,"KK/UF","1014",31,4,0.129032258064516,31,0,0,31,4,0.129032258064516,31,0,0,31,2,0.0645161290322581,31,0,0,31,2,0.0645161290322581
2012,NA,"NTCHEU","Bangala P",34.68623,14.84588,"KK/UF","1014",30,5,0.166666666666667,30,0,0,30,5,0.166666666666667,30,0,0,30,0,0,30,0,0,30,0,0
2012,NA,"NTCHEU","BILILA",34.842355,14.821825,"KK/UF","1014",30,2,0.0666666666666667,30,0,0,30,2,0.0666666666666667,30,0,0,30,0,0,30,0,0,30,0,0
2012,NA,"NTCHEU","Chikande1",34.910105,14.779465,"KK/UF","1014",44,15,0.340909090909091,44,1,0.0227272727272727,44,15,0.340909090909091,44,0,0,44,2,0.0454545454545455,44,0,0,44,2,0.0454545454545455
2012,NA,"NTCHEU","Chimwano",34.87212,14.85381,"KK/UF","1014",30,7,0.233333333333333,30,0,0,30,7,0.233333333333333,30,0,0,30,0,0,30,0,0,30,0,0
2012,NA,"NTCHEU","CHIPUSILE",34.586685,14.805835,"KK/UF","1014",30,0,0,30,0,0,30,0,0,30,0,0,30,0,0,30,0,0,30,0,0
2012,NA,"NTCHEU","Ganya Pri",34.61899,14.60983,"KK/UF","1114",30,7,0.233333333333333,30,0,0,30,7,0.233333333333333,30,0,0,30,0,0,30,0,0,30,0,0
2012,NA,"NTCHEU","Kadzakalo",34.55129,14.73157,"KK/UF","1014",30,2,0.0666666666666667,30,0,0,30,2,0.0666666666666667,30,0,0,30,0,0,30,0,0,30,0,0
2012,NA,"NTCHEU","KATSEKERA",34.638725,15.03404,"KK/UF","1014",30,2,0.0666666666666667,30,0,0,30,2,0.0666666666666667,30,0,0,30,0,0,30,0,0,30,0,0
2012,NA,"NTCHEU","LIVALO",34.80918,14.82439,"KK/UF","1114",30,2,0.0666666666666667,30,0,0,30,2,0.0666666666666667,30,0,0,30,0,0,30,0,0,30,0,0
2012,NA,"NTCHEU","M'deka Pr",34.62249,14.81424,"KK/UF","1014",30,4,0.133333333333333,30,0,0,30,4,0.133333333333333,30,0,0,30,0,0,30,0,0,30,0,0
2012,NA,"NTCHEU","Mang'obwa",34.58911,14.52166,"KK/UF","1214",30,2,0.0666666666666667,30,0,0,30,2,0.0666666666666667,30,0,0,30,0,0,30,0,0,30,0,0
2012,NA,"NTCHEU","MDEZA",34.740215,14.44083,"KK/UF","1114",30,14,0.466666666666667,30,0,0,30,14,0.466666666666667,30,0,0,30,0,0,30,0,0,30,0,0
2012,NA,"NTCHEU","Mikoke Pr",34.82297,15.00024,"KK/UF","1013",30,3,0.1,30,10,0.333333333333333,30,10,0.333333333333333,30,0,0,30,2,0.0666666666666667,30,0,0,30,2,0.0666666666666667
2012,NA,"NTCHEU","MPATSA",34.661235,14.517135,"KK/UF","1014",30,3,0.1,30,0,0,30,3,0.1,30,0,0,30,0,0,30,0,0,30,0,0
2012,NA,"NTCHEU","MTSUNDULI",34.7528,14.73212,"KK/UF","1014",31,3,0.0967741935483871,31,0,0,31,3,0.0967741935483871,31,0,0,31,0,0,31,0,0,31,0,0
2012,NA,"NTCHEU","Namale Pr",34.56643,14.53888,"KK/UF","1114",30,4,0.133333333333333,30,0,0,30,4,0.133333333333333,30,0,0,30,0,0,30,0,0,30,0,0
2012,NA,"NTCHEU","Njonjo Pr",34.48643,14.44175,"KK/UF","1014",30,2,0.0666666666666667,30,0,0,30,2,0.0666666666666667,30,0,0,30,0,0,30,0,0,30,0,0
2012,NA,"NTCHEU","Ntonda",34.76992,15.022,"KK/UF","1014",30,5,0.166666666666667,30,0,0,30,5,0.166666666666667,30,0,0,30,0,0,30,0,0,30,0,0
2012,NA,"NTCHEU","NZAMA",34.584535,14.89584,"KK/UF","1014",31,0,0,31,0,0,31,0,0,31,0,0,31,0,0,31,0,0,31,0,0
2012,NA,"NTCHIS","Chakulanj",33.891555,13.10533,"KK/UF","1116",30,10,0.333333333333333,30,5,0.166666666666667,30,13,0.433333333333333,30,0,0,30,2,0.0666666666666667,30,0,0,30,2,0.0666666666666667
2012,NA,"NTCHIS","Chibweya",34.023925,13.487225,"KK/UF","1014",31,0,0,31,0,0,31,0,0,31,5,0.161290322580645,31,2,0.0645161290322581,31,0,0,31,6,0.193548387096774
2012,NA,"NTCHIS","Chimphoyo",34.016195,13.23034,"KK/UF","1015",62,14,0.225806451612903,62,18,0.290322580645161,62,28,0.451612903225806,62,3,0.0483870967741935,62,3,0.0483870967741935,62,0,0,62,5,0.0806451612903226
2012,NA,"NTCHIS","Chimwang'",33.81467,13.112795,"KK/UF","1015",33,24,0.727272727272727,33,4,0.121212121212121,33,24,0.727272727272727,33,0,0,33,2,0.0606060606060606,33,0,0,33,2,0.0606060606060606
2012,NA,"NTCHIS","Chisanja",33.85227,13.418725,"KK/UF","1014",30,0,0,30,2,0.0666666666666667,30,2,0.0666666666666667,30,0,0,30,0,0,30,0,0,30,0,0
2012,NA,"NTCHIS","Kadayera",33.81882,13.30751,"KK/UF","1014",33,5,0.151515151515152,33,5,0.151515151515152,33,9,0.272727272727273,33,2,0.0606060606060606,33,0,0,33,0,0,33,2,0.0606060606060606
2012,NA,"NTCHIS","Kafantand",34.074215,13.51705,"KK/UF","1014",31,0,0,31,0,0,31,0,0,31,2,0.0645161290322581,31,0,0,31,0,0,31,2,0.0645161290322581
2012,NA,"NTCHIS","Kalem L.E",33.90777,13.362285,"KK/UF","1014",30,3,0.1,30,0,0,30,3,0.1,30,3,0.1,30,3,0.1,30,0,0,30,5,0.166666666666667
2012,NA,"NTCHIS","Kamsonga",33.799295,13.275995,"KK/UF","1014",30,5,0.166666666666667,30,3,0.1,30,7,0.233333333333333,30,0,0,30,0,0,30,0,0,30,0,0
2012,NA,"NTCHIS","Kaziwa",33.924185,13.402125,"KK/UF","1114",31,5,0.161290322580645,31,2,0.0645161290322581,31,6,0.193548387096774,31,2,0.0645161290322581,31,1,0.032258064516129,31,0,0,31,2,0.0645161290322581
2012,NA,"NTCHIS","Kwezani",33.954165,13.331875,"KK/UF","1014",62,0,0,62,5,0.0806451612903226,62,5,0.0806451612903226,62,4,0.0645161290322581,62,0,0,62,0,0,62,4,0.0645161290322581
2012,NA,"NTCHIS","Madanjala",33.885665,13.33588,"KK/UF","1014",31,5,0.161290322580645,31,0,0,31,5,0.161290322580645,31,0,0,31,2,0.0645161290322581,31,0,0,31,2,0.0645161290322581
2012,NA,"NTCHIS","Mpherere",33.91721,13.370375,"KK/UF","0916",30,0,0,30,2,0.0666666666666667,30,2,0.0666666666666667,30,2,0.0666666666666667,30,2,0.0666666666666667,30,0,0,30,3,0.1
2012,NA,"NTCHIS","Mpheza Pr",34.016195,13.23034,"KK/UF","1015",35,9,0.257142857142857,35,4,0.114285714285714,35,11,0.314285714285714,35,2,0.0571428571428571,35,2,0.0571428571428571,35,0,0,35,3,0.0857142857142857
2012,NA,"NTCHIS","Nankhaka",33.9273,13.1524,"KK/UF","1015",32,16,0.5,32,3,0.09375,32,17,0.53125,32,0,0,32,2,0.0625,32,0,0,32,2,0.0625
2012,NA,"NTCHIS","Ndendere",34.011155,13.458475,"KK/UF","1014",31,2,0.0645161290322581,31,3,0.0967741935483871,31,4,0.129032258064516,31,4,0.129032258064516,31,0,0,31,0,0,31,4,0.129032258064516
2012,NA,"NTCHIS","Ng'ombe F",33.866705,13.36067,"KK/UF","1014",31,3,0.0967741935483871,31,0,0,31,3,0.0967741935483871,31,0,0,31,3,0.0967741935483871,31,0,0,31,3,0.0967741935483871
2012,NA,"NTCHIS","Nthawira",33.836255,13.141455,"KK/UF","1015",68,30,0.441176470588235,68,7,0.102941176470588,68,34,0.5,68,0,0,68,0,0,68,0,0,68,0,0
2012,NA,"NTCHIS","Nyalavu F",33.88577,13.46092,"KK/UF","1014",31,0,0,31,3,0.0967741935483871,31,3,0.0967741935483871,31,4,0.129032258064516,31,2,0.0645161290322581,31,0,0,31,5,0.161290322580645
2012,NA,"NTCHIS","Sopani",33.78669,13.11631,"KK/UF","1115",30,9,0.3,30,9,0.3,30,14,0.466666666666667,30,0,0,30,2,0.0666666666666667,30,0,0,30,2,0.0666666666666667
2013,"Jun-2013","Mangochi","Chimesya",35.38555,-14.76386,"KK/UF","1014",29,5,0.172413793103448,29,0,0,29,5,0.172413793103448,29,0,0,29,0,0,29,0,0,29,0,0
2013,"Jun-2013","Mangochi","Chowe",35.38328,-14.42361,"KK/UF","1014",30,1,0.0333333333333333,30,0,0,30,1,0.0333333333333333,30,0,0,30,0,0,30,0,0,30,0,0
2013,"Jun-2013","Mangochi","Funwe",34.90729,-14.26897,"KK/UF","1014",30,4,0.133333333333333,30,10,0.333333333333333,30,13,0.433333333333333,30,1,0.0333333333333333,30,0,0,30,0,0,30,1,0.0333333333333333
2013,"Jul-2013","Mangochi","Kadyangunde",35.05111,-14.63051,"KK/UF","1114",30,6,0.2,30,0,0,30,6,0.2,30,0,0,30,0,0,30,0,0,30,0,0
2013,"Jun-2013","Mangochi","Majuni",35.45221,-14.35981,"KK/UF","1014",30,0,0,30,0,0,30,0,0,30,0,0,30,0,0,30,0,0,30,0,0
2013,"Jun-2013","Mangochi","Mchoka",35.22048,-14.4393,"KK/UF","1014",30,4,0.133333333333333,30,0,0,30,4,0.133333333333333,30,0,0,30,0,0,30,0,0,30,0,0
2013,"Jun-2013","Mangochi","Mdinde",35.4486,-14.18162,"KK/UF","1015",30,3,0.1,30,15,0.5,30,16,0.533333333333333,30,0,0,30,0,0,30,0,0,30,0,0
2013,"Jun-2013","Mangochi","Mikombe",35.21022,-14.16172,"KK/UF","1216",28,0,NA,29,0,0,28,0,NA,29,0,0,29,1,0.0344827586206897,29,0,0,29,1,0.0344827586206897
2013,"Jun-2013","Mangochi","Mpondas",35.24142,-14.46879,"KK/UF","1014",30,7,0.233333333333333,30,0,0,30,7,0.233333333333333,30,0,0,30,0,0,30,0,0,30,0,0
2013,"Jun-2013","Mangochi","Msusa",35.63822,-14.46795,"KK/UF","1115",29,22,NA,30,3,0.1,29,22,NA,30,0,0,30,1,0.0333333333333333,30,0,0,30,1,0.0333333333333333
2013,"Jun-2013","Mangochi","Mwambazi Junior",35.39099,-14.71386,"KK/UF","1014",30,8,0.266666666666667,30,1,0.0333333333333333,30,9,0.3,30,0,0,30,0,0,30,0,0,30,0,0
2013,"Jun-2013","Mangochi","St Augustine 3",35.25372,-14.4771,"KK/UF","1014",30,3,0.1,30,0,0,30,3,0.1,30,0,0,30,0,0,30,0,0,30,0,0
2013,"Jul-2013","Mangochi","St Paul Primary",35.10321,-14.39928,"KK/UF","0916",26,1,0.0384615384615385,26,0,0,26,1,0.0384615384615385,26,0,0,26,0,0,26,0,0,26,0,0
2013,"Jun-2013","Mangochi","Taliya",35.27642,-14.22758,"KK/UF","1014",30,7,0.233333333333333,30,1,0.0333333333333333,30,8,0.266666666666667,30,0,0,30,0,0,30,0,0,30,0,0
2013,"Jul-2013","Mangochi","Ulande",35.07941,-14.24191,"KK/UF","1014",30,2,0.0666666666666667,30,0,0,30,2,0.0666666666666667,30,0,0,30,0,0,30,0,0,30,0,0
2013,"Jun-2013","NKHATA BAY","Chendasi",34.04168,-11.55026,"KK/UF","1013",30,0,0,30,1,0.0333333333333333,30,1,0.0333333333333333,30,0,0,30,0,0,30,0,0,30,0,0
2013,"Jun-2013","NKHATA BAY","Chilundwe",34.16466,-11.61409,"KK/UF","1013",30,0,0,30,1,0.0333333333333333,30,1,0.0333333333333333,30,0,0,30,3,0.1,30,0,0,30,3,0.1
2013,"Jun-2013","NKHATA BAY","Chinguluwe",34.21309,-11.56483,"KK/UF","1014",30,0,0,30,0,0,30,0,0,30,0,0,30,5,0.166666666666667,30,0,0,30,5,0.166666666666667
2013,"Jun-2013","NKHATA BAY","Chiomba JP",34.04493,-11.98173,"KK/UF","1013",30,3,0.1,30,5,0.166666666666667,30,8,0.266666666666667,30,0,0,30,2,0.0666666666666667,30,0,0,30,2,0.0666666666666667
2013,"Jun-2013","NKHATA BAY","Kamundi",34.14837,-11.67837,"KK/UF","1013",30,1,0.0333333333333333,29,0,NA,30,1,0.0333333333333333,30,0,0,30,0,0,30,1,0.0333333333333333,30,1,0.0333333333333333
2013,"Jun-2013","NKHATA BAY","Kaulasisi",34.03389,-11.31199,"KK/UF","0913",30,1,0.0333333333333333,30,0,0,30,1,0.0333333333333333,30,0,0,30,1,0.0333333333333333,30,1,0.0333333333333333,30,2,0.0666666666666667
2013,"Jun-2013","NKHATA BAY","Masefu",34.03996,-11.65998,"KK/UF","0914",30,1,0.0333333333333333,30,1,0.0333333333333333,30,2,0.0666666666666667,30,0,0,30,0,0,30,0,0,30,0,0
2013,"Jun-2013","NKHATA BAY","Maula",34.23607,-11.75315,"KK/UF","1014",30,8,0.266666666666667,30,2,0.0666666666666667,30,10,0.333333333333333,30,1,0.0333333333333333,30,8,0.266666666666667,30,0,0,30,9,0.3
2013,"Jun-2013","NKHATA BAY","Mdyaka",11.77079,-11.77079,"KK/UF","1014",30,0,0,30,3,0.1,30,3,0.1,30,0,0,30,0,0,30,1,0.0333333333333333,30,1,0.0333333333333333
2013,"Jun-2013","NKHATA BAY","Munkhokwe",34.13766,-11.88372,"KK/UF","0913",30,0,0,28,0,NA,30,0,0,29,0,NA,29,3,NA,29,0,NA,29,3,NA
2013,"Jun-2013","NKHATA BAY","Mzenga",34.0814,-11.74801,"KK/UF","1013",30,0,0,30,1,0.0333333333333333,30,1,0.0333333333333333,30,0,0,30,4,0.133333333333333,28,0,NA,28,3,NA
2013,"Jun-2013","NKHATA BAY","Nkhokoma",34.0684,-11.55004,"KK/UF","1013",30,0,0,30,0,0,30,0,0,30,0,0,30,0,0,30,0,0,30,0,0
2013,"Jun-2013","NKHATA BAY","Sanje",34.27439,-11.50209,"KK/UF","1013",30,0,0,30,0,0,30,0,0,30,0,0,30,1,0.0333333333333333,30,0,0,30,1,0.0333333333333333
2013,"Jun-2013","NKHATA BAY","Susa",34.04207,-11.51299,"KK/UF","1013",29,0,NA,30,0,0,29,0,NA,30,0,0,30,0,0,30,0,0,30,0,0
2013,"Jun-2013","NKHATA BAY","Thoto",34.26907,-11.39778,"KK/UF","1014",30,0,0,29,0,NA,30,0,0,29,0,NA,29,0,NA,29,0,NA,29,0,NA
2013,"Jun-2013","NKHOTAKOTA","Bowa",34.09006,-12.5695,"KK/UF","1013",30,13,0.433333333333333,30,0,0,30,13,0.433333333333333,30,0,0,30,2,0.0666666666666667,30,0,0,30,2,0.0666666666666667
2013,"Jun-2013","NKHOTAKOTA","Chanthomba",34.25936,-12.86074,"KK/UF","1014",30,3,0.1,30,0,0,30,3,0.1,30,0,0,30,0,0,30,0,0,30,0,0
2013,"Jun-2013","NKHOTAKOTA","Chimgonda",33.97856,-12.24537,"KK/UF","1013",30,3,0.1,30,0,0,30,3,0.1,30,0,0,30,0,0,30,0,0,30,0,0
2013,"Jun-2013","NKHOTAKOTA","Chiphole",34.20539,-12.72886,"KK/UF","1013",30,4,0.133333333333333,30,0,0,30,4,0.133333333333333,30,0,0,30,0,0,30,0,0,30,0,0
2013,"Jun-2013","NKHOTAKOTA","Dwambadzi",33.99792,-12.24215,"KK/UF","1014",30,0,0,30,2,0.0666666666666667,30,2,0.0666666666666667,30,0,0,30,0,0,30,0,0,30,0,0
2013,"Jun-2013","NKHOTAKOTA","Kanyenje",34.22359,-12.83989,"KK/UF","1014",30,7,0.233333333333333,30,2,0.0666666666666667,30,8,0.266666666666667,30,0,0,30,0,0,30,0,0,30,0,0
2013,"Jun-2013","NKHOTAKOTA","Katope",34.13777,-13.27561,"KK/UF","1013",30,4,0.133333333333333,30,0,0,30,4,0.133333333333333,29,0,NA,30,0,0,29,0,NA,29,0,NA
2013,"Jun-2013","NKHOTAKOTA","Matiki",34.1577,-12.49855,"KK/UF","1013",30,5,0.166666666666667,30,4,0.133333333333333,30,7,0.233333333333333,30,0,0,30,2,0.0666666666666667,30,0,0,30,2,0.0666666666666667
2013,"Jun-2013","NKHOTAKOTA","Mndira",34.19565,-12.7727,"KK/UF","1014",30,4,0.133333333333333,30,0,0,30,4,0.133333333333333,30,0,0,30,1,0.0333333333333333,30,0,0,30,1,0.0333333333333333
2013,"Jun-2013","NKHOTAKOTA","Mpongozipita",33.96999,-12.29983,"KK/UF","1014",30,0,0,0,0,NA,30,0,0,0,0,NA,0,0,NA,0,0,NA,0,0,NA
2013,"Jun-2013","NKHOTAKOTA","Msamala",34.3245,-13.24062,"KK/UF","0813",30,4,0.133333333333333,30,0,0,30,4,0.133333333333333,30,0,0,30,0,0,29,0,NA,29,0,NA
2013,"Jun-2013","NKHOTAKOTA","Nambale",34.15085,-13.30322,"KK/UF","1014",30,11,0.366666666666667,30,0,0,30,11,0.366666666666667,30,0,0,30,0,0,30,0,0,30,0,0
2013,"Jun-2013","NKHOTAKOTA","Namsongole",34.13978,-13.41524,"KK/UF","1014",30,0,0,30,0,0,30,0,0,30,0,0,30,0,0,30,0,0,30,0,0
2013,"Jun-2013","NKHOTAKOTA","Nyavuu",34.1352,-12.47062,"KK/UF","1013",30,2,0.0666666666666667,0,0,NA,30,2,0.0666666666666667,0,0,NA,0,0,NA,0,0,NA,0,0,NA
2013,"Jun-2013","NKHOTAKOTA","Tipate",34.1502,-12.6088,"KK/UF","1014",30,13,0.433333333333333,30,0,0,30,13,0.433333333333333,30,0,0,30,0,0,30,0,0,30,0,0
2013,"Jul-2013","SALIMA","Chigolo",34.4887,-13.60264,"KK/UF","1014",30,0,0,29,0,NA,30,0,0,29,0,NA,29,0,NA,29,0,NA,29,0,NA
2013,"Jul-2013","SALIMA","Chigombe",34.43339,-13.77445,"KK/UF","0914",30,1,0.0333333333333333,30,7,0.233333333333333,30,7,0.233333333333333,30,0,0,30,0,0,30,0,0,30,0,0
2013,"Jul-2013","SALIMA","Chiluwa 1",34.27528,-13.45759,"KK/UF","1014",30,1,0.0333333333333333,30,0,0,30,1,0.0333333333333333,30,0,0,30,0,0,30,0,0,30,0,0
2013,"Jul-2013","SALIMA","Chimweta",34.44602,-13.77756,"KK/UF","0913",30,0,0,30,0,0,30,0,0,30,0,0,30,0,0,30,0,0,30,0,0
2013,"Jul-2013","SALIMA","Chionjeza FP",34.29415,-13.49321,"KK/UF","1014",30,5,0.166666666666667,29,0,NA,30,5,0.166666666666667,29,0,NA,29,0,NA,29,0,NA,29,0,NA
2013,"Jul-2013","SALIMA","Domira Bay",34.43141,-13.61541,"KK/UF","1014",30,2,0.0666666666666667,29,0,NA,30,2,0.0666666666666667,29,0,NA,29,0,NA,29,0,NA,29,0,NA
2013,"Jul-2013","SALIMA","Kavunguti",34.30728,-13.84322,"KK/UF","1014",30,0,0,30,19,0.633333333333333,30,19,0.633333333333333,30,0,0,30,0,0,30,0,0,30,0,0
2013,"Jul-2013","SALIMA","Mauni",34.46988,-14.0502,"KK/UF","1014",30,0,0,30,0,0,30,0,0,30,0,0,30,0,0,30,0,0,30,0,0
2013,"Jul-2013","SALIMA","Msaza",34.24498,-13.68904,"KK/UF","1014",30,0,0,30,3,0.1,30,3,0.1,30,0,0,30,1,0.0333333333333333,30,0,0,30,1,0.0333333333333333
2013,"Jul-2013","SALIMA","Mtemeyiti",34.38377,-13.31266,"KK/UF","1014",30,2,0.0666666666666667,30,16,0.533333333333333,30,17,0.566666666666667,30,0,0,30,0,0,30,0,0,30,0,0
2013,"Jul-2013","SALIMA","Naliwomba",34.50315,-13.89394,"KK/UF","1014",28,1,NA,30,0,0,28,1,NA,30,0,0,30,0,0,30,0,0,30,0,0
2013,"Jul-2013","SALIMA","Naluva",34.2978,-13.75257,"KK/UF","1013",29,4,NA,30,2,0.0666666666666667,29,6,NA,30,0,0,30,1,0.0333333333333333,30,0,0,30,1,0.0333333333333333
2013,"Jul-2013","SALIMA","Nankhata",34.19968,-13.55056,"KK/UF","1014",30,5,0.166666666666667,30,0,0,30,5,0.166666666666667,30,0,0,30,0,0,30,0,0,30,0,0
2013,"Jul-2013","SALIMA","Thokozani",34.5085,-13.96615,"KK/UF","1014",30,2,0.0666666666666667,30,0,0,30,2,0.0666666666666667,30,0,0,30,0,0,30,0,0,30,0,0
2013,"Jul-2013","SALIMA","Thugulu",34.50542,-14.04253,"KK/UF","1013",29,3,NA,30,0,0,29,3,NA,30,0,0,30,0,0,30,0,0,30,0,0
2013,"Jun-2013","Zomba","Mitole",35.56775,-15.42314,"KK/UF","1014",30,2,0.0666666666666667,30,1,0.0333333333333333,30,3,0.1,30,0,0,30,0,0,30,1,0.0333333333333333,30,1,0.0333333333333333
2013,"Jun-2013","ZOMBA","Chalomwe LEA",35.34376,-15.4235,"KK/UF","1014",30,2,0.0666666666666667,30,2,0.0666666666666667,30,3,0.1,30,0,0,30,0,0,30,0,0,30,0,0
2013,"Jun-2013","ZOMBA","Chinkhwangwa",35.62106,-15.49754,"KK/UF","1013",30,4,0.133333333333333,30,1,0.0333333333333333,30,5,0.166666666666667,30,0,0,30,0,0,30,0,0,30,0,0
2013,"Jun-2013","ZOMBA","Guta FP",35.12529,-15.29835,"KK/UF","1014",30,3,0.1,30,21,0.7,30,21,0.7,30,0,0,30,0,0,29,0,NA,29,0,NA
2013,"Jun-2013","ZOMBA","Kachulu",35.58704,-15.37759,"KK/UF","1114",30,5,0.166666666666667,30,0,0,30,5,0.166666666666667,30,0,0,30,0,0,30,0,0,30,0,0
2013,"Jun-2013","ZOMBA","Kalira",35.11306,-15.41706,"KK/UF","1114",29,4,0.137931034482759,29,3,0.103448275862069,29,7,0.241379310344828,28,0,NA,29,0,0,29,0,0,28,0,NA
2013,"Jun-2013","ZOMBA","Luwezi",35.15429,-15.33681,"KK/UF","1014",30,3,0.1,29,1,NA,30,4,0.133333333333333,28,0,NA,29,0,NA,29,0,NA,28,0,NA
2013,"Jun-2013","ZOMBA","Mafuwa",35.47944,-15.34862,"KK/UF","0916",30,1,0.0333333333333333,29,1,NA,30,2,0.0666666666666667,29,0,NA,29,1,NA,29,0,NA,29,1,NA
2013,"Jun-2013","ZOMBA","Mapalo",35.4087,-15.2585,"KK/UF","1114",30,4,0.133333333333333,29,2,NA,30,6,0.2,30,0,0,30,0,0,30,0,0,30,0,0
2013,"Jun-2013","ZOMBA","Mchenga",35.34721,-15.57056,"KK/UF","1014",30,3,0.1,29,0,NA,30,3,0.1,29,0,NA,29,0,NA,28,0,NA,28,0,NA
2013,"Jun-2013","ZOMBA","Mtondo",35.47346,-15.55413,"KK/UF","1014",30,2,0.0666666666666667,30,1,0.0333333333333333,30,3,0.1,30,0,0,30,0,0,30,0,0,30,0,0
2013,"Jun-2013","ZOMBA","Nakhombe",35.50353,-15.41452,"KK/UF","1014",27,3,0.111111111111111,23,1,NA,27,4,0.148148148148148,23,0,NA,23,0,NA,23,0,NA,23,0,NA
2013,"Jun-2013","ZOMBA","Namakwena",35.40973,-15.51823,"KK/UF","1014",29,2,NA,30,3,0.1,30,5,0.166666666666667,30,0,0,30,0,0,30,0,0,30,0,0
2013,"Jun-2013","ZOMBA","Nsondole FP",35.45324,-15.3051,"KK/UF","1014",30,4,0.133333333333333,30,1,0.0333333333333333,30,5,0.166666666666667,30,0,0,30,0,0,30,0,0,30,0,0
2013,"Jun-2013","ZOMBA","Satema LEA",35.2978,-15.38155,"KK/UF","1014",30,1,0.0333333333333333,30,1,0.0333333333333333,30,2,0.0666666666666667,30,0,0,30,0,0,30,0,0,30,0,0
2015,"Dec-2015","Likoma","Bishop Biggers",12.0635,-34.73677,"KK/Hemastix","1516",22,0,0,11,0,NA,22,0,0,11,0,NA,11,0,NA,11,0,NA,11,0,NA
2015,"Dec-2015","Likoma","Chima",12.09031,-34.73281,"KK/Hemastix","1014",30,0,0,25,0,NA,30,0,0,25,0,NA,25,0,NA,25,0,NA,25,0,NA
2015,"Dec-2015","Likoma","Chipyera",12.0821,-34.72331,"KK/Hemastix","1317",28,1,NA,28,0,NA,28,1,NA,28,0,NA,28,0,NA,28,0,NA,28,0,NA
2015,"Dec-2015","Likoma","Chiteko",12.011,-34.61243,"KK/Hemastix","1013",27,2,NA,23,0,NA,27,2,NA,23,0,NA,23,0,NA,23,0,NA,23,0,NA
2015,"Dec-2015","Likoma","Chizumulo CDSS",12.02054,-34.61969,"KK/Hemastix","1417",27,0,NA,16,0,NA,27,0,NA,16,0,NA,16,0,NA,16,0,NA,16,0,NA
2015,"Dec-2015","Likoma","Mocho",12.037131,-34.62349,"KK/Hemastix","0915",29,8,NA,14,0,NA,29,8,NA,14,0,NA,14,0,NA,14,0,NA,14,0,NA
2015,"Dec-2015","Likoma","Same F.P School",12.02934,-34.6267,"KK/Hemastix","1014",31,3,0.0967741935483871,29,0,NA,31,3,0.0967741935483871,29,0,NA,29,2,NA,29,0,NA,29,2,NA
2015,"Dec-2015","Likoma","St Peters",12.06556,-34.73789,"KK/Hemastix","1014",16,1,NA,26,0,NA,16,1,NA,26,0,NA,26,0,NA,26,0,NA,26,0,NA
2015,"Dec-2015","Likoma","Ulisa",12.05441,-34.72617,"KK/Hemastix","1014",30,0,NA,28,0,NA,30,0,NA,28,0,NA,28,0,NA,28,0,NA,28,0,NA
2015,"Dec-2015","Likoma","Yofu",12.04637,-34.73827,"KK/Hemastix","1014",30,1,0.0333333333333333,28,1,NA,30,2,0.0666666666666667,28,0,NA,28,0,NA,28,0,NA,28,0,NA
