ID_0,ISO,NAME_0,ID_1,NAME_1,ID_2,NAME_2,VARNAME_2,NL_NAME_2,HASC_2,CC_2,TYPE_2,ENGTYPE_2,VALIDFR_2,VALIDTO_2,REMARKS_2,Shape_Leng,Shape_Area,prev_mean_sh_mean,prev_mean_sman_mean,prev_mean_anysch_mean,prev_mean_asc_mean,prev_mean_hkw_mean,prev_mean_tri_mean,prev_mean_anysth_mean,prev_mean_1_sh_mean,prev_mean_1_sman_mean,prev_mean_1_anysch_mean,prev_mean_1_asc_mean,prev_mean_1_hkw_mean,prev_mean_1_tri_mean,prev_mean_1_anysth_mean
157,MWI,Malawi,1961,Kasungu,22794,SC M'nyanja,,,,,Sub-chief,Sub-chief,Unknown,Unknown,,0.884942604,0.023696811,0.129392,0.022351,0.147974,0.007231,0.024401,0.00124,0.041114,0.105786,0.005348,0.108485,0.009959,0.007649,0.001812,0.012191
157,MWI,Malawi,1961,Kasungu,22795,SC Njombwa,,,,,Sub-chief,Sub-chief,Unknown,Unknown,,0.80810822,0.022290839,0.102533,0.053824,0.142145,0.009696,0.021944,0.00247,0.040725,0.051997,0.003198,0.05207,0.006561,0.005433,0.001975,0.010394
157,MWI,Malawi,1961,Kasungu,22796,SC Simlemba,,,,,Sub-chief,Sub-chief,Unknown,Unknown,,0.902155125,0.025458145,0.118886,0.017714,0.129623,0.005408,0.039714,0.001156,0.052665,0.171676,0.004766,0.171134,0.013374,0.010431,0.001873,0.016359
157,MWI,Malawi,1961,Kasungu,22797,TA Chulu,,,,,Traditional Authority,Traditional Authority,Unknown,Unknown,,1.224040294,0.048245069,0.11661,0.026612,0.139444,0.007533,0.019738,0.00125,0.036494,0.071469,0.006305,0.074563,0.012517,0.008513,0.001703,0.018831
157,MWI,Malawi,1961,Kasungu,22798,TA Kaluluma,,,,,Traditional Authority,Traditional Authority,Unknown,Unknown,,1.139299403,0.033912259,0.209279,0.011899,0.219528,0.010736,0.018785,0.001855,0.033192,0.071368,0.005558,0.071927,0.022232,0.019604,0.002644,0.03072
157,MWI,Malawi,1961,Kasungu,22799,TA Kaomba,,,,,Traditional Authority,Traditional Authority,Unknown,Unknown,,1.121189829,0.023566103,0.109068,0.039274,0.141352,0.006826,0.021429,0.001417,0.038152,0.093794,0.004263,0.095319,0.006618,0.005241,0.001821,0.009848
157,MWI,Malawi,1961,Kasungu,22800,TA Kapelula,,,,,Traditional Authority,Traditional Authority,Unknown,Unknown,,0.819468813,0.027683065,0.167974,0.052702,0.184482,0.010137,0.03208,0.003254,0.047119,0.057498,0.006368,0.058466,0.017021,0.014698,0.001926,0.026867
157,MWI,Malawi,1961,Kasungu,22801,TA Mwase,,,,,Traditional Authority,Traditional Authority,Unknown,Unknown,,0.594410903,0.015753619,0.111227,0.032635,0.14205,0.005829,0.018852,0.00113,0.03456,0.076704,0.005034,0.078669,0.008308,0.006011,0.001775,0.01246
157,MWI,Malawi,1961,Kasungu,22802,TA Santhe,,,,,Traditional Authority,Traditional Authority,Unknown,Unknown,,1.226669736,0.062074893,0.068422,0.033979,0.110023,0.010974,0.01465,0.000927,0.040235,0.055339,0.003708,0.055806,0.006179,0.004283,0.001741,0.01029
157,MWI,Malawi,1961,Kasungu,22803,TA Wimbe,,,,,Traditional Authority,Traditional Authority,Unknown,Unknown,,1.439061574,0.075656393,0.126162,0.058189,0.154921,0.008293,0.031629,0.002375,0.046559,0.107729,0.004797,0.107892,0.008301,0.007815,0.001924,0.012597
157,MWI,Malawi,1962,Lilongwe,22804,Lilongwe City,,,,,City,City,Unknown,Unknown,,1.190601465,0.03614424,0.104682,0.119743,0.182043,0.00953,0.023928,0.009308,0.028429,0.019416,0.01288,0.029154,0.078015,0.03751,0.002401,0.121395
157,MWI,Malawi,1962,Lilongwe,22805,SC Chitekwele,,,,,Sub-chief,Sub-chief,Unknown,Unknown,,1.104154133,0.031085588,0.058034,0.185436,0.313666,0.014714,0.01602,0.003844,0.035148,0.033058,0.046909,0.073911,0.016882,0.00773,0.001739,0.020613
157,MWI,Malawi,1953,Balaka,22724,Balaka Town,,,,,Town,Town,Unknown,Unknown,,0.119460115,0.00086583,0.18627,0.009321,0.191268,0.003487,0.010223,0.014526,0.012252,0.030994,0.012212,0.038418,0.03392,0.047731,0.002859,0.090227
157,MWI,Malawi,1953,Balaka,22725,TA Kalembo,,,,,Traditional Authority,Traditional Authority,Unknown,Unknown,,1.170969422,0.062550992,0.196378,0.050628,0.200239,0.002478,0.019511,0.007666,0.018358,0.046091,0.009835,0.054477,0.015319,0.016168,0.002737,0.025338
157,MWI,Malawi,1953,Balaka,22726,TA Nsamala,,,,,Traditional Authority,Traditional Authority,Unknown,Unknown,,1.710641861,0.11583645,0.159069,0.03545,0.186028,0.002549,0.014255,0.009534,0.014551,0.037423,0.028425,0.05979,0.047275,0.031507,0.004091,0.080042
157,MWI,Malawi,1954,Blantyre,22727,Blantyre City,,,,,City,City,Unknown,Unknown,,0.882019276,0.020073059,0.150052,0.027691,0.163846,0.010551,0.01841,0.010099,0.025264,0.019706,0.006895,0.02439,0.012311,0.020199,0.005938,0.034035
157,MWI,Malawi,1954,Blantyre,22728,TA Chigaru,,,,,Traditional Authority,Traditional Authority,Unknown,Unknown,,0.67137066,0.02145907,0.194384,0.051466,0.226678,0.001625,0.00949,0.005381,0.011517,0.022225,0.01406,0.031578,0.033886,0.037446,0.003776,0.086913
157,MWI,Malawi,1954,Blantyre,22729,TA Kapeni,,,,,Traditional Authority,Traditional Authority,Unknown,Unknown,,1.130016338,0.017834068,0.311425,0.093463,0.367589,0.002898,0.019131,0.00466,0.020254,0.03103,0.008966,0.037469,0.018465,0.01412,0.002704,0.026361
157,MWI,Malawi,1954,Blantyre,22730,TA Kuntaja,,,,,Traditional Authority,Traditional Authority,Unknown,Unknown,,1.232215391,0.028899347,0.278745,0.149447,0.370835,0.002789,0.021672,0.010331,0.019812,0.034106,0.022125,0.054665,0.033807,0.02921,0.003127,0.073021
157,MWI,Malawi,1954,Blantyre,22731,TA Kunthembwe,,,,,Traditional Authority,Traditional Authority,Unknown,Unknown,,0.94963196,0.038884014,0.261156,0.086918,0.303514,0.001723,0.021177,0.007897,0.018205,0.054647,0.03613,0.086492,0.045383,0.042752,0.003082,0.091144
157,MWI,Malawi,1954,Blantyre,22732,TA Lundu,,,,,Traditional Authority,Traditional Authority,Unknown,Unknown,,0.547821891,0.011323629,0.217636,0.07544,0.267951,0.004144,0.007214,0.00615,0.012051,0.063727,0.0103,0.068923,0.031093,0.015366,0.002893,0.043579
157,MWI,Malawi,1954,Blantyre,22733,TA Machinjili,,,,,Traditional Authority,Traditional Authority,Unknown,Unknown,,0.685427243,0.005999166,0.133265,0.035278,0.166266,0.004493,0.014407,0.006397,0.019149,0.038414,0.006442,0.03978,0.021197,0.058343,0.002947,0.093398
157,MWI,Malawi,1954,Blantyre,22734,TA Makata,,,,,Traditional Authority,Traditional Authority,Unknown,Unknown,,0.477201797,0.005003404,0.220508,0.059753,0.244182,0.007018,0.011253,0.007001,0.019235,0.063197,0.019315,0.071387,0.044533,0.016134,0.002379,0.057207
157,MWI,Malawi,1954,Blantyre,22735,TA Somba,,,,,Traditional Authority,Traditional Authority,Unknown,Unknown,,0.849448,0.021355533,0.223911,0.024327,0.24192,0.002924,0.0227,0.005825,0.022141,0.038781,0.009611,0.045344,0.010417,0.007097,0.00301,0.016403
157,MWI,Malawi,1955,Chikwawa,22736,Chikwawa Boma,,,,,Boma,Headquarter,Unknown,Unknown,,0.126849466,0.000709559,0.298664,0.107234,0.365887,0.000487,0.01793,0.008675,0.01582,0.181099,0.00921,0.186622,0.007925,0.007804,0.003984,0.014312
157,MWI,Malawi,1955,Chikwawa,22737,Lengwe National Park,,,,,National Park,National Park,Unknown,Unknown,,2.059772605,0.080047644,0.240461,0.080788,0.311093,0.000521,0.013828,0.003777,0.015593,0.112792,0.008742,0.12166,0.010138,0.009413,0.002887,0.017098
157,MWI,Malawi,1955,Chikwawa,22738,Majete Game Reserve - Chikwawa,,,,,Reserve,Reserve,Unknown,Unknown,,1.274577801,0.070735301,0.291081,0.079012,0.339364,0.000972,0.016158,0.005498,0.015382,0.103075,0.012564,0.113644,0.014316,0.010686,0.003182,0.022774
157,MWI,Malawi,1955,Chikwawa,22740,TA Chapananga,,,,,Traditional Authority,Traditional Authority,Unknown,Unknown,,1.967746235,0.069072031,0.340121,0.066435,0.395893,0.000778,0.013106,0.003835,0.013657,0.117581,0.009995,0.1277,0.012255,0.010499,0.002964,0.020113
157,MWI,Malawi,1955,Chikwawa,22741,TA Kasisi,,,,,Traditional Authority,Traditional Authority,Unknown,Unknown,,1.079397013,0.031276493,0.284943,0.085898,0.332523,0.000911,0.020536,0.007869,0.017632,0.113042,0.012364,0.122968,0.010412,0.009518,0.003465,0.017786
157,MWI,Malawi,1955,Chikwawa,22742,TA Katunga,,,,,Traditional Authority,Traditional Authority,Unknown,Unknown,,0.700332431,0.013613737,0.278054,0.105434,0.350832,0.000457,0.016066,0.006952,0.015831,0.16972,0.010704,0.176986,0.009386,0.009005,0.004005,0.018922
157,MWI,Malawi,1955,Chikwawa,22743,TA Lundu,,,,,Traditional Authority,Traditional Authority,Unknown,Unknown,,0.683585593,0.016846444,0.271165,0.102476,0.351704,0.000352,0.014047,0.005988,0.014749,0.203514,0.008186,0.20371,0.007141,0.007252,0.005223,0.016381
157,MWI,Malawi,1955,Chikwawa,22744,TA Makhwira,,,,,Traditional Authority,Traditional Authority,Unknown,Unknown,,1.101893794,0.03947,0.263563,0.094077,0.346041,0.000341,0.01313,0.005093,0.014293,0.220106,0.010245,0.221247,0.027002,0.008718,0.00864,0.053924
157,MWI,Malawi,1955,Chikwawa,22745,TA Maseya,,,,,Traditional Authority,Traditional Authority,Unknown,Unknown,,0.684283607,0.012267,0.27507,0.10076,0.350891,0.000384,0.014697,0.006174,0.015258,0.16625,0.009555,0.169961,0.007925,0.007427,0.004928,0.018898
157,MWI,Malawi,1955,Chikwawa,22746,TA Ngabu,,,,,Traditional Authority,Traditional Authority,Unknown,Unknown,,1.8540269,0.091341739,0.242544,0.07749,0.324404,0.000353,0.01196,0.003467,0.014044,0.179436,0.007076,0.181681,0.01123,0.009662,0.004971,0.024066
157,MWI,Malawi,1956,Chiradzulu,22748,TA Chitera,,,,,Traditional Authority,Traditional Authority,Unknown,Unknown,,0.555111885,0.005132455,0.117835,0.045182,0.145677,0.009944,0.008522,0.007663,0.019177,0.067929,0.027067,0.078837,0.061004,0.034198,0.002545,0.115649
157,MWI,Malawi,1956,Chiradzulu,22749,TA Kadewere,,,,,Traditional Authority,Traditional Authority,Unknown,Unknown,,0.770690295,0.017539892,0.403114,0.033032,0.409887,0.004814,0.01753,0.0049,0.018228,0.065935,0.032625,0.091391,0.063686,0.020143,0.002479,0.082777
157,MWI,Malawi,1956,Chiradzulu,22750,TA Likoswe,,,,,Traditional Authority,Traditional Authority,Unknown,Unknown,,0.467520438,0.009470684,0.241197,0.02007,0.24585,0.007054,0.02737,0.008047,0.027944,0.016284,0.015525,0.02702,0.070197,0.053975,0.003999,0.12804
157,MWI,Malawi,1956,Chiradzulu,22751,TA Mpama,,,,,Traditional Authority,Traditional Authority,Unknown,Unknown,,0.731778479,0.012518604,0.181981,0.059673,0.214065,0.015907,0.011494,0.009249,0.020507,0.044706,0.028244,0.060459,0.050316,0.030364,0.00242,0.084578
157,MWI,Malawi,1956,Chiradzulu,22752,TA Nchema,,,,,Traditional Authority,Traditional Authority,Unknown,Unknown,,0.515101433,0.007980661,0.378507,0.233595,0.535592,0.00908,0.023204,0.006076,0.022218,0.130123,0.102689,0.204228,0.070874,0.010501,0.002424,0.080549
157,MWI,Malawi,1956,Chiradzulu,22753,TA Nkalo,,,,,Traditional Authority,Traditional Authority,Unknown,Unknown,,0.58172282,0.011119743,0.364008,0.083237,0.383856,0.007195,0.016058,0.004587,0.016855,0.067435,0.016197,0.07835,0.023054,0.009926,0.003826,0.025709
157,MWI,Malawi,1957,Chitipa,22754,Chitipa Boma,,,,,Boma,Headquarter,Unknown,Unknown,,0.112950035,0.000700733,0.069832,0.010502,0.088963,0.011766,0.015234,0.00057,0.02933,0.069145,0.0069,0.068853,0.111118,0.009814,0.002346,0.109178
157,MWI,Malawi,1957,Chitipa,22755,Nyika N.P. - Chitipa,,,,,National Park,National Park,Unknown,Unknown,,1.307260385,0.05575183,0.049263,0.010093,0.057265,0.156696,0.027093,0.005883,0.068264,0.013287,0.004687,0.01427,0.045197,0.005079,0.00117,0.050208
157,MWI,Malawi,1957,Chitipa,22756,TA Kameme,,,,,Traditional Authority,Traditional Authority,Unknown,Unknown,,1.073288516,0.035606348,0.058114,0.008692,0.072116,0.0269,0.017211,0.000899,0.035864,0.024372,0.004375,0.025665,0.093032,0.00547,0.001373,0.088884
157,MWI,Malawi,1957,Chitipa,22757,TA Mwabulambya,,,,,Traditional Authority,Traditional Authority,Unknown,Unknown,,1.670895648,0.077980083,0.069084,0.010414,0.087914,0.014476,0.015467,0.000637,0.0301,0.05421,0.004717,0.055074,0.135697,0.011018,0.002684,0.134088
157,MWI,Malawi,1957,Chitipa,22758,TA Mwenemisuku,,,,,Traditional Authority,Traditional Authority,Unknown,Unknown,,1.287740723,0.053841283,0.07746,0.012036,0.100186,0.013331,0.014887,0.000635,0.028165,0.042144,0.011088,0.049625,0.089853,0.008282,0.001706,0.086864
157,MWI,Malawi,1957,Chitipa,22759,TA Mwenewenya,,,,,Traditional Authority,Traditional Authority,Unknown,Unknown,,1.353102149,0.061737434,0.063409,0.014515,0.07468,0.04643,0.023132,0.002479,0.05339,0.034356,0.004484,0.034957,0.168442,0.011213,0.001339,0.153141
157,MWI,Malawi,1957,Chitipa,22760,TA Nthalire,,,,,Traditional Authority,Traditional Authority,Unknown,Unknown,,1.255960397,0.051109225,0.078928,0.018299,0.096048,0.020133,0.020142,0.001516,0.043137,0.023654,0.00467,0.025382,0.087036,0.005079,0.001481,0.084802
157,MWI,Malawi,1958,Dedza,22762,Lake Malawi,,,,,Water body,Water body,Unknown,Unknown,,1.937308968,0.119133682,0.162659,0.061912,0.225598,0.00127,0.01432,0.00306,0.014362,0.104575,0.021486,0.119211,0.012552,0.013283,0.002478,0.022169
157,MWI,Malawi,1958,Dedza,22763,SC Chauma,,,,,Sub-chief,Sub-chief,Unknown,Unknown,,0.331843887,0.005810266,0.09498,0.035052,0.154814,0.02297,0.016194,0.00249,0.044753,0.039743,0.064882,0.112558,0.011883,0.008815,0.001733,0.016353
157,MWI,Malawi,1958,Dedza,22764,SC Chilikumwendo,,,,,Sub-chief,Sub-chief,Unknown,Unknown,,0.807029403,0.020249802,0.112882,0.044122,0.145955,0.016773,0.032594,0.004787,0.047459,0.075879,0.01452,0.087062,0.008488,0.006996,0.001811,0.011974
157,MWI,Malawi,1958,Dedza,22765,SC Kamenya Gwaza,,,,,Sub-chief,Sub-chief,Unknown,Unknown,,0.701688658,0.016290112,0.062556,0.010459,0.070332,0.023284,0.014859,0.002717,0.022245,0.031886,0.016059,0.043259,0.005092,0.003667,0.001591,0.008324
157,MWI,Malawi,1958,Dedza,22766,TA Kachindamoto,,,,,Traditional Authority,Traditional Authority,Unknown,Unknown,,1.129782129,0.05804823,0.162582,0.039425,0.19919,0.001939,0.012444,0.003157,0.011394,0.089832,0.052546,0.130743,0.003949,0.005053,0.002643,0.007258
157,MWI,Malawi,1958,Dedza,22767,TA Kaphuka,,,,,Traditional Authority,Traditional Authority,Unknown,Unknown,,1.086743968,0.05117381,0.100268,0.059901,0.164388,0.021832,0.027695,0.00327,0.044417,0.034795,0.020884,0.051473,0.0113,0.007502,0.00165,0.015679
157,MWI,Malawi,1958,Dedza,22768,TA Kasumbu,,,,,Traditional Authority,Traditional Authority,Unknown,Unknown,,1.025940784,0.048269558,0.05974,0.017983,0.076258,0.026791,0.018557,0.002738,0.030444,0.046862,0.050245,0.090124,0.005949,0.005298,0.001679,0.010871
157,MWI,Malawi,1958,Dedza,22769,TA Pemba,,,,,Traditional Authority,Traditional Authority,Unknown,Unknown,,1.791390171,0.067884692,0.102067,0.032192,0.124387,0.018066,0.028631,0.002791,0.047068,0.060381,0.014614,0.072687,0.008116,0.005987,0.001489,0.012178
157,MWI,Malawi,1958,Dedza,22770,TA Tambala,,,,,Traditional Authority,Traditional Authority,Unknown,Unknown,,1.031529363,0.039941496,0.062372,0.058673,0.154288,0.01896,0.015897,0.00247,0.031921,0.064658,0.118054,0.184873,0.008761,0.0074,0.001819,0.012564
157,MWI,Malawi,1959,Dowa,22773,SC Chakhaza,,,,,Sub-chief,Sub-chief,Unknown,Unknown,,1.377634047,0.061069495,0.088857,0.072163,0.138811,0.016564,0.022301,0.004449,0.044779,0.040722,0.004423,0.041145,0.009366,0.006515,0.001999,0.014299
157,MWI,Malawi,1959,Dowa,22774,SC Kayembe,,,,,Sub-chief,Sub-chief,Unknown,Unknown,,1.137446565,0.036983905,0.052704,0.044651,0.09151,0.018534,0.021737,0.002488,0.054418,0.027006,0.003735,0.028302,0.009634,0.003637,0.003133,0.015269
157,MWI,Malawi,1959,Dowa,22775,SC Mkukula,,,,,Sub-chief,Sub-chief,Unknown,Unknown,,1.079749974,0.032171033,0.064906,0.059389,0.142854,0.019183,0.027438,0.004546,0.047783,0.022671,0.015324,0.03297,0.036986,0.016954,0.001806,0.047714
157,MWI,Malawi,1959,Dowa,22776,SC Mponela,,,,,Sub-chief,Sub-chief,Unknown,Unknown,,0.894835393,0.013325818,0.063325,0.04696,0.102243,0.024046,0.033097,0.005277,0.058948,0.018202,0.005475,0.02012,0.025418,0.007976,0.001856,0.028343
157,MWI,Malawi,1959,Dowa,22777,TA Chiwere,,,,,Traditional Authority,Traditional Authority,Unknown,Unknown,,1.286790911,0.043751011,0.068134,0.093906,0.175316,0.012586,0.02708,0.004771,0.044518,0.025733,0.019816,0.045899,0.016703,0.005781,0.00232,0.019153
157,MWI,Malawi,1959,Dowa,22778,TA Dzoole,,,,,Traditional Authority,Traditional Authority,Unknown,Unknown,,1.286712336,0.03012804,0.057527,0.045029,0.093973,0.020807,0.030949,0.004559,0.055745,0.015419,0.005457,0.017735,0.032695,0.007697,0.002,0.038117
157,MWI,Malawi,1959,Dowa,22779,TA Msakambewa,,,,,Traditional Authority,Traditional Authority,Unknown,Unknown,,1.302911705,0.037079566,0.047197,0.048329,0.086001,0.054005,0.038864,0.007937,0.089915,0.013075,0.00398,0.014274,0.017842,0.008181,0.002004,0.020199
157,MWI,Malawi,1960,Karonga,22780,Karonga Town,,,,,Town,Town,Unknown,Unknown,,0.274693939,0.0038252,0.158971,0.03201,0.218891,0.00083,0.010972,0.000711,0.01469,0.013616,0.004895,0.015475,0.004711,0.004581,0.003053,0.006759
157,MWI,Malawi,1960,Karonga,22781,Lake Malawi,,,,,Water body,Water body,Unknown,Unknown,,3.306767568,0.416474764,0.174071,0.044519,0.234712,0.000839,0.012412,0.001456,0.018231,0.079894,0.012883,0.091343,0.01471,0.012237,0.002496,0.024154
157,MWI,Malawi,1960,Karonga,22782,Nyipa N. P. - Karonga,,,,,National Park,National Park,Unknown,Unknown,,1.506994014,0.086629977,0.083165,0.01715,0.105002,0.047978,0.019139,0.002089,0.042272,0.021241,0.009168,0.025915,0.022117,0.00575,0.001701,0.026229
157,MWI,Malawi,1960,Karonga,22783,SC Mwakaboko,,,,,Sub-chief,Sub-chief,Unknown,Unknown,,0.75671836,0.021255619,0.133197,0.024476,0.181569,0.001492,0.011571,0.000561,0.016923,0.064015,0.02691,0.08696,0.022705,0.008991,0.001971,0.024161
157,MWI,Malawi,1960,Karonga,22784,SC Mwirang'ombe,,,,,Sub-chief,Sub-chief,Unknown,Unknown,,0.82164672,0.014074609,0.164881,0.042111,0.219688,0.001075,0.013124,0.001359,0.020832,0.034133,0.017216,0.047441,0.006938,0.00601,0.002972,0.010075
157,MWI,Malawi,1960,Karonga,22785,TA Kilupula,,,,,Traditional Authority,Traditional Authority,Unknown,Unknown,,0.900498345,0.027072009,0.139501,0.026524,0.190627,0.001441,0.011477,0.000611,0.016537,0.048866,0.046258,0.08725,0.011281,0.005489,0.002268,0.01286
157,MWI,Malawi,1960,Karonga,22786,TA Kyungu,,,,,Traditional Authority,Traditional Authority,Unknown,Unknown,,2.160579303,0.123085962,0.129881,0.033006,0.16984,0.004607,0.015309,0.001362,0.026044,0.032329,0.013675,0.041741,0.040156,0.007407,0.002325,0.035916
157,MWI,Malawi,1960,Karonga,22787,TA Wasambo,,,,,Traditional Authority,Traditional Authority,Unknown,Unknown,,0.940865677,0.029239546,0.154925,0.037103,0.20672,0.001395,0.013081,0.00113,0.021005,0.047016,0.016492,0.060335,0.009096,0.008359,0.002706,0.015339
157,MWI,Malawi,1961,Kasungu,22788,Kasungu Boma,,,,,Boma,Headquarter,Unknown,Unknown,,0.234335333,0.003086496,0.104497,0.035118,0.136778,0.006417,0.01944,0.001137,0.035859,0.069641,0.005005,0.070504,0.00696,0.00535,0.001867,0.009519
157,MWI,Malawi,1961,Kasungu,22789,Kasungu National Park,,,,,National Park,National Park,Unknown,Unknown,,2.677579673,0.199915867,0.101307,0.022312,0.127528,0.006484,0.016824,0.000884,0.032435,0.054247,0.007085,0.057581,0.016486,0.009216,0.00173,0.025209
157,MWI,Malawi,1961,Kasungu,22790,SC Chilowamatambe,,,,,Sub-chief,Sub-chief,Unknown,Unknown,,0.913406277,0.026216236,0.128887,0.116362,0.179817,0.011068,0.030492,0.00483,0.04034,0.060998,0.004933,0.062264,0.006681,0.00821,0.002623,0.012387
157,MWI,Malawi,1961,Kasungu,22791,SC Chisikwa,,,,,Sub-chief,Sub-chief,Unknown,Unknown,,0.292623118,0.003891297,0.149363,0.006737,0.14686,0.013021,0.015025,0.001982,0.027132,0.031373,0.003446,0.031976,0.017414,0.028404,0.002081,0.040405
157,MWI,Malawi,1961,Kasungu,22792,SC Kawamba,,,,,Sub-chief,Sub-chief,Unknown,Unknown,,1.547821074,0.054260386,0.097049,0.027248,0.128416,0.006662,0.016896,0.000969,0.034055,0.080872,0.004632,0.081522,0.011182,0.005622,0.001886,0.015665
157,MWI,Malawi,1961,Kasungu,22793,SC Lukwa,,,,,Sub-chief,Sub-chief,Unknown,Unknown,,1.014147385,0.02307091,0.104797,0.033464,0.135353,0.007274,0.019298,0.001372,0.036333,0.051791,0.004489,0.053012,0.010148,0.004814,0.002181,0.0134
157,MWI,Malawi,1962,Lilongwe,22806,SC Mtema,,,,,Sub-chief,Sub-chief,Unknown,Unknown,,0.708018468,0.014193308,0.075436,0.037504,0.100703,0.010713,0.036799,0.006761,0.042557,0.016178,0.013836,0.028247,0.055886,0.010146,0.002127,0.066184
157,MWI,Malawi,1962,Lilongwe,22807,SC Njewa,,,,,Sub-chief,Sub-chief,Unknown,Unknown,,0.438491038,0.008683225,0.146211,0.034173,0.174689,0.004679,0.018219,0.006564,0.023649,0.012135,0.012691,0.020892,0.046077,0.012626,0.002807,0.056718
157,MWI,Malawi,1962,Lilongwe,22808,SC Tsabango,,,,,Sub-chief,Sub-chief,Unknown,Unknown,,0.495298209,0.005764574,0.073227,0.234463,0.247131,0.008244,0.026937,0.015348,0.033495,0.047077,0.014202,0.058278,0.033782,0.044534,0.003127,0.065411
157,MWI,Malawi,1962,Lilongwe,22809,TA Chadza,,,,,Traditional Authority,Traditional Authority,Unknown,Unknown,,1.244468886,0.031184069,0.115435,0.082033,0.203805,0.018051,0.020971,0.011395,0.038498,0.066713,0.019484,0.075031,0.038136,0.028854,0.002253,0.061931
157,MWI,Malawi,1962,Lilongwe,22810,TA Chimutu,,,,,Traditional Authority,Traditional Authority,Unknown,Unknown,,1.060668849,0.03365241,0.078658,0.137992,0.253247,0.010861,0.021811,0.006248,0.032265,0.024388,0.02446,0.04414,0.063309,0.053264,0.002076,0.114281
157,MWI,Malawi,1962,Lilongwe,22811,TA Chiseka,,,,,Traditional Authority,Traditional Authority,Unknown,Unknown,,2.057866137,0.133192217,0.153526,0.021277,0.162129,0.023809,0.030021,0.004601,0.050646,0.061962,0.013913,0.068354,0.025703,0.012873,0.001959,0.037112
157,MWI,Malawi,1962,Lilongwe,22812,TA Chitukula,,,,,Traditional Authority,Traditional Authority,Unknown,Unknown,,0.483562994,0.00991297,0.053649,0.022437,0.065263,0.016013,0.038697,0.007225,0.044816,0.018675,0.016601,0.033491,0.071572,0.012395,0.001738,0.083432
157,MWI,Malawi,1962,Lilongwe,22813,TA Kabudula,,,,,Traditional Authority,Traditional Authority,Unknown,Unknown,,1.136021561,0.044920201,0.070252,0.037287,0.101281,0.008668,0.045288,0.003787,0.063281,0.021892,0.006547,0.026253,0.022476,0.004684,0.003963,0.028705
157,MWI,Malawi,1962,Lilongwe,22814,TA Kalolo,,,,,Traditional Authority,Traditional Authority,Unknown,Unknown,,1.348566332,0.050968726,0.111792,0.018671,0.122434,0.014322,0.041141,0.00343,0.064002,0.036489,0.009141,0.044567,0.019272,0.004913,0.001966,0.022187
157,MWI,Malawi,1962,Lilongwe,22815,TA Kalumba,,,,,Traditional Authority,Traditional Authority,Unknown,Unknown,,0.301819829,0.004009067,0.07211,0.024423,0.104649,0.023635,0.008958,0.005904,0.035497,0.046659,0.007692,0.046755,0.04347,0.025678,0.003849,0.050861
157,MWI,Malawi,1962,Lilongwe,22816,TA Kalumbu,,,,,Traditional Authority,Traditional Authority,Unknown,Unknown,,0.694994038,0.016771532,0.114193,0.111373,0.233581,0.02156,0.034939,0.009257,0.05317,0.030252,0.017495,0.03432,0.043906,0.024568,0.00235,0.06697
157,MWI,Malawi,1962,Lilongwe,22817,TA Khongoni,,,,,Traditional Authority,Traditional Authority,Unknown,Unknown,,1.270374191,0.047609245,0.090099,0.051309,0.126207,0.01269,0.049132,0.002369,0.084613,0.031866,0.003543,0.033054,0.010956,0.003266,0.002143,0.014309
157,MWI,Malawi,1962,Lilongwe,22818,TA Malili,,,,,Traditional Authority,Traditional Authority,Unknown,Unknown,,1.045256069,0.02612947,0.162648,0.01725,0.172889,0.013586,0.010618,0.008039,0.026041,0.028217,0.02821,0.047225,0.082833,0.021881,0.003234,0.111496
157,MWI,Malawi,1962,Lilongwe,22819,TA Mazengera,,,,,Traditional Authority,Traditional Authority,Unknown,Unknown,,0.970241001,0.028904783,0.073804,0.221823,0.300969,0.020371,0.026038,0.011004,0.047662,0.038536,0.022892,0.048081,0.022129,0.020708,0.002041,0.033657
157,MWI,Malawi,1963,Machinga,22820,Lake Chilwa,,,,,Water body,Water body,Unknown,Unknown,,0.438571022,0.005205168,0.17938,0.069608,0.225067,0.002335,0.019475,0.004218,0.021111,0.107861,0.007449,0.113768,0.013089,0.013463,0.002269,0.027855
157,MWI,Malawi,1963,Machinga,22821,Lake Chiuta,,,,,Water body,Water body,Unknown,Unknown,,0.46691005,0.005184786,0.17314,0.044249,0.218381,0.00146,0.014359,0.001276,0.019769,0.143524,0.007863,0.146927,0.015886,0.007592,0.002991,0.023029
157,MWI,Malawi,1963,Machinga,22822,Liwonda National Park,,,,,National Park,National Park,Unknown,Unknown,,0.920749521,0.033325346,0.208693,0.06125,0.238173,0.002008,0.017236,0.006847,0.015164,0.104781,0.008276,0.112815,0.011939,0.011366,0.002857,0.017815
157,MWI,Malawi,1963,Machinga,22823,Liwonde Town,,,,,Town,Town,Unknown,Unknown,,0.278400707,0.003037157,0.213495,0.023141,0.230993,0.002083,0.008469,0.007952,0.009404,0.093648,0.010836,0.10027,0.0259,0.022102,0.007766,0.050877
157,MWI,Malawi,1963,Machinga,22824,SC Chamba,,,,,Sub-chief,Sub-chief,Unknown,Unknown,,0.520711718,0.011516867,0.139629,0.050654,0.179527,0.004692,0.014554,0.002783,0.016588,0.150621,0.00464,0.148359,0.006472,0.007436,0.002107,0.012322
157,MWI,Malawi,1963,Machinga,22825,SC Chikweo,,,,,Sub-chief,Sub-chief,Unknown,Unknown,,0.833958323,0.027667764,0.18153,0.052245,0.221113,0.002084,0.016748,0.001938,0.020706,0.108599,0.006,0.109035,0.01153,0.00566,0.00315,0.0178
157,MWI,Malawi,1963,Machinga,22826,SC Chiwalo,,,,,Sub-chief,Sub-chief,Unknown,Unknown,,0.446592171,0.005886095,0.185406,0.066155,0.215054,0.005199,0.02211,0.006893,0.021592,0.114017,0.006408,0.113981,0.008935,0.006381,0.003501,0.024297
157,MWI,Malawi,1963,Machinga,22827,SC Mlomba,,,,,Sub-chief,Sub-chief,Unknown,Unknown,,0.906977065,0.031062443,0.171997,0.058468,0.215729,0.002072,0.016768,0.002757,0.018075,0.117577,0.00848,0.120992,0.011467,0.011841,0.002641,0.024783
157,MWI,Malawi,1963,Machinga,22828,SC Mposa,,,,,Sub-chief,Sub-chief,Unknown,Unknown,,0.668534541,0.017948589,0.16631,0.065287,0.207625,0.003283,0.018408,0.004021,0.019222,0.143956,0.008096,0.14417,0.011297,0.015884,0.002587,0.029676
157,MWI,Malawi,1963,Machinga,22829,SC Ngokwe,,,,,Sub-chief,Sub-chief,Unknown,Unknown,,0.549157996,0.013290355,0.175567,0.041133,0.216325,0.001687,0.014454,0.001141,0.019664,0.204936,0.007569,0.204351,0.015442,0.008577,0.00255,0.022497
157,MWI,Malawi,1963,Machinga,22830,SC Sitola,,,,,Sub-chief,Sub-chief,Unknown,Unknown,,0.770036452,0.027581905,0.161265,0.064017,0.219056,0.003325,0.01284,0.004555,0.014057,0.117876,0.020428,0.128373,0.018392,0.01314,0.003075,0.029009
157,MWI,Malawi,1963,Machinga,22831,TA Kawinga,,,,,Traditional Authority,Traditional Authority,Unknown,Unknown,,1.557703313,0.078204096,0.171067,0.054331,0.214187,0.002119,0.016841,0.002514,0.020015,0.092566,0.007267,0.096456,0.011744,0.008449,0.003198,0.020905
157,MWI,Malawi,1963,Machinga,22832,TA Liwonde,,,,,Traditional Authority,Traditional Authority,Unknown,Unknown,,1.43980216,0.036811033,0.194497,0.075051,0.235223,0.002709,0.019725,0.006257,0.018029,0.125227,0.006825,0.126899,0.007632,0.007232,0.002956,0.0135
157,MWI,Malawi,1963,Machinga,22833,TA Nyambi,,,,,Traditional Authority,Traditional Authority,Unknown,Unknown,,0.802504229,0.029093145,0.203462,0.054435,0.228037,0.003704,0.019727,0.002593,0.023355,0.121032,0.008777,0.121,0.0184,0.011866,0.002521,0.036999
157,MWI,Malawi,1964,Mangochi,22834,Lake Malawi,,,,,Water body,Water body,Unknown,Unknown,,3.647310342,0.2027042,0.14701,0.052335,0.203877,0.001246,0.012944,0.002311,0.01506,0.107239,0.011571,0.116721,0.015242,0.020139,0.002387,0.029551
157,MWI,Malawi,1964,Mangochi,22835,Lake Malombe,,,,,Water body,Water body,Unknown,Unknown,,0.831685447,0.029814572,0.205312,0.047381,0.227101,0.001569,0.015678,0.00555,0.013685,0.270246,0.006591,0.270003,0.006912,0.007342,0.002472,0.011244
157,MWI,Malawi,1964,Mangochi,22836,Mangochi Town,,,,,Town,Town,Unknown,Unknown,,0.132854612,0.001039636,0.17015,0.010987,0.175891,0.002162,0.007558,0.010682,0.007659,0.271904,0.006738,0.271367,0.009002,0.009572,0.002548,0.012862
157,MWI,Malawi,1964,Mangochi,22837,Monkey Bay Urban,,,,,Urban,Urban,Unknown,Unknown,,0.220096027,0.001117166,0.149673,0.084901,0.257226,0.001896,0.011984,0.001397,0.017325,0.081908,0.009716,0.090356,0.012012,0.012604,0.002129,0.020721
157,MWI,Malawi,1964,Mangochi,22838,SC Chowe,,,,,Sub-chief,Sub-chief,Unknown,Unknown,,2.131841809,0.052806084,0.166049,0.031369,0.18618,0.002443,0.011281,0.005514,0.011508,0.178151,0.006544,0.179961,0.006857,0.007521,0.002436,0.011804
157,MWI,Malawi,1964,Mangochi,22839,SC Mbwana Nyambi,,,,,Sub-chief,Sub-chief,Unknown,Unknown,,1.51328273,0.065649985,0.285169,0.041802,0.293243,0.004065,0.017512,0.00274,0.019484,0.138987,0.007033,0.14044,0.010179,0.01267,0.002082,0.025134
157,MWI,Malawi,1964,Mangochi,22840,SC Namabvi,,,,,Sub-chief,Sub-chief,Unknown,Unknown,,0.937948182,0.031880485,0.092325,0.026976,0.116669,0.004389,0.017365,0.002669,0.019553,0.096712,0.008631,0.100095,0.011748,0.032616,0.002228,0.044681
157,MWI,Malawi,1964,Mangochi,22841,TA Chimwala,,,,,Traditional Authority,Traditional Authority,Unknown,Unknown,,1.675195521,0.074723658,0.199618,0.022215,0.203701,0.00289,0.01465,0.002795,0.015421,0.16231,0.008626,0.171009,0.007317,0.006642,0.002123,0.011375
157,MWI,Malawi,1964,Mangochi,22842,TA Jalasi,,,,,Traditional Authority,Traditional Authority,Unknown,Unknown,,1.320799753,0.046927412,0.135707,0.039889,0.180249,0.006588,0.012995,0.003318,0.015354,0.0494,0.00752,0.053842,0.006818,0.008793,0.001895,0.013992
157,MWI,Malawi,1964,Mangochi,22843,TA Katuli,,,,,Traditional Authority,Traditional Authority,Unknown,Unknown,,0.918418225,0.036667952,0.091195,0.123168,0.233487,0.008471,0.014908,0.002457,0.019452,0.062814,0.009266,0.067793,0.009086,0.011092,0.001895,0.019445
157,MWI,Malawi,1964,Mangochi,22844,TA Makanjila,,,,,Traditional Authority,Traditional Authority,Unknown,Unknown,,1.596137182,0.060212608,0.151201,0.050131,0.203685,0.002228,0.015966,0.001974,0.019647,0.086593,0.012679,0.097399,0.022294,0.021319,0.002177,0.035388
157,MWI,Malawi,1964,Mangochi,22845,TA Mponda,,,,,Traditional Authority,Traditional Authority,Unknown,Unknown,,1.553956694,0.061400356,0.104715,0.013701,0.110267,0.002737,0.009048,0.003976,0.010926,0.133918,0.005967,0.135566,0.013253,0.01318,0.00217,0.024872
157,MWI,Malawi,1964,Mangochi,22846,TA Nankumba,,,,,Traditional Authority,Traditional Authority,Unknown,Unknown,,2.013099731,0.093813108,0.16114,0.091506,0.274484,0.003027,0.010192,0.002171,0.015079,0.076534,0.008373,0.080519,0.00952,0.010024,0.002279,0.016329
157,MWI,Malawi,1965,Mchinji,22848,SC Dambe,,,,,Sub-chief,Sub-chief,Unknown,Unknown,,0.912200689,0.035381486,0.083344,0.033041,0.119491,0.009745,0.017173,0.001122,0.04274,0.034502,0.003507,0.03552,0.005076,0.003748,0.001809,0.008115
157,MWI,Malawi,1965,Mchinji,22849,SC Mavwere,,,,,Sub-chief,Sub-chief,Unknown,Unknown,,1.535010179,0.039020512,0.146387,0.029786,0.159702,0.008643,0.042217,0.001754,0.06956,0.029624,0.00445,0.031675,0.010378,0.004659,0.001831,0.01355
157,MWI,Malawi,1965,Mchinji,22850,SC Mduwa,,,,,Sub-chief,Sub-chief,Unknown,Unknown,,1.229859188,0.047900896,0.109874,0.03162,0.134108,0.009348,0.026006,0.00137,0.051966,0.032079,0.003878,0.032767,0.006482,0.004147,0.001968,0.010625
157,MWI,Malawi,1965,Mchinji,22851,TA Mkanda,,,,,Traditional Authority,Traditional Authority,Unknown,Unknown,,1.446576663,0.077959659,0.092234,0.020813,0.117801,0.008356,0.016882,0.000862,0.036487,0.048469,0.004487,0.049508,0.007321,0.005261,0.002678,0.017132
157,MWI,Malawi,1965,Mchinji,22852,TA Mlonyeni,,,,,Traditional Authority,Traditional Authority,Unknown,Unknown,,1.411704016,0.022426972,0.108081,0.028473,0.127776,0.010373,0.022477,0.001563,0.046901,0.033428,0.005001,0.035545,0.008981,0.005877,0.00173,0.013813
157,MWI,Malawi,1965,Mchinji,22853,TA Zulu,,,,,Traditional Authority,Traditional Authority,Unknown,Unknown,,1.270619653,0.039166466,0.144929,0.033974,0.159665,0.00827,0.039327,0.001843,0.064544,0.032163,0.004285,0.033541,0.008713,0.004424,0.002136,0.012295
157,MWI,Malawi,1966,Mulanje,22855,Mulanje Mountain Forest Reserve,,,,,Reserve,Reserve,Unknown,Unknown,,1.124141935,0.040398679,0.070913,0.020371,0.07952,0.122041,0.030084,0.006733,0.059723,0.018935,0.003848,0.018904,0.026655,0.005439,0.001395,0.026489
157,MWI,Malawi,1966,Mulanje,22856,SC Juma,,,,,Sub-chief,Sub-chief,Unknown,Unknown,,1.149730113,0.028548559,0.299451,0.045009,0.321587,0.00264,0.01601,0.002245,0.015896,0.115391,0.016536,0.129954,0.054931,0.025053,0.005042,0.086935
157,MWI,Malawi,1966,Mulanje,22857,SC Laston Njema,,,,,Sub-chief,Sub-chief,Unknown,Unknown,,0.843003977,0.011020929,0.145554,0.04158,0.18597,0.002706,0.016217,0.001405,0.022906,0.055169,0.012261,0.064528,0.070564,0.018645,0.00233,0.087685
157,MWI,Malawi,1966,Mulanje,22858,TA Chikumbu,,,,,Traditional Authority,Traditional Authority,Unknown,Unknown,,0.635515423,0.01259829,0.222657,0.072904,0.266679,0.002074,0.013991,0.001802,0.017306,0.112476,0.006676,0.119598,0.074155,0.008307,0.003726,0.08295
157,MWI,Malawi,1966,Mulanje,22859,TA Mabuka,,,,,Traditional Authority,Traditional Authority,Unknown,Unknown,,1.537151815,0.034987565,0.179436,0.059614,0.22272,0.002732,0.016599,0.002375,0.021034,0.101287,0.015621,0.12042,0.043642,0.010091,0.00255,0.045569
157,MWI,Malawi,1966,Mulanje,22860,TA Nkanda,,,,,Traditional Authority,Traditional Authority,Unknown,Unknown,,1.005094368,0.030456428,0.249006,0.069039,0.285446,0.002729,0.013747,0.002002,0.016254,0.155255,0.010289,0.1596,0.056228,0.016027,0.003157,0.066803
157,MWI,Malawi,1966,Mulanje,22861,TA Nthiramanja,,,,,Traditional Authority,Traditional Authority,Unknown,Unknown,,0.569382208,0.009438068,0.278378,0.086619,0.318278,0.002608,0.012505,0.001996,0.015128,0.070979,0.00955,0.079708,0.047535,0.008757,0.010452,0.066605
157,MWI,Malawi,1967,Mwanza,22863,TA Dambe,,,,,Traditional Authority,Traditional Authority,Unknown,Unknown,,0.892677401,0.021436479,0.049713,0.012673,0.054018,0.006807,0.009032,0.003687,0.010331,0.020381,0.003313,0.02152,0.028508,0.024558,0.00239,0.048417
157,MWI,Malawi,1967,Mwanza,22864,TA Kanduku,,,,,Traditional Authority,Traditional Authority,Unknown,Unknown,,1.232047907,0.024352514,0.217636,0.028309,0.247149,0.002139,0.009569,0.003581,0.009539,0.054435,0.009522,0.065781,0.008637,0.010072,0.002638,0.016257
157,MWI,Malawi,1967,Mwanza,22865,TA Mlauli,,,,,Traditional Authority,Traditional Authority,Unknown,Unknown,,1.176159804,0.047390024,0.157119,0.047029,0.180477,0.001342,0.012218,0.005265,0.010732,0.04668,0.01728,0.061067,0.044519,0.0373,0.003685,0.074129
157,MWI,Malawi,1967,Mwanza,22866,TA Ngozi,,,,,Traditional Authority,Traditional Authority,Unknown,Unknown,,0.913580006,0.027862555,0.225567,0.050411,0.253293,0.004135,0.010908,0.007154,0.010056,0.020628,0.008923,0.028247,0.029237,0.019988,0.003319,0.040598
157,MWI,Malawi,1967,Mwanza,22867,TA Nthache,,,,,Traditional Authority,Traditional Authority,Unknown,Unknown,,1.041814629,0.024624248,0.32691,0.038479,0.383995,0.003385,0.009784,0.003223,0.010956,0.072954,0.003677,0.073504,0.006556,0.006767,0.00256,0.012932
157,MWI,Malawi,1967,Mwanza,22868,TA Symon,,,,,Traditional Authority,Traditional Authority,Unknown,Unknown,,1.088297701,0.034867641,0.23812,0.053545,0.261926,0.001457,0.017587,0.00766,0.014258,0.021499,0.014522,0.033624,0.066142,0.052275,0.003998,0.135311
157,MWI,Malawi,1968,Mzimba,22869,Mzimba Boma,,,,,Boma,Headquarter,Unknown,Unknown,,0.118867727,0.000896019,0.046586,0.005789,0.043618,0.012606,0.010866,0.011259,0.020537,0.046176,0.004072,0.045569,0.020595,0.023312,0.002392,0.040903
157,MWI,Malawi,1968,Mzimba,22870,Mzuzu City,,,,,City,City,Unknown,Unknown,,0.472314743,0.011618501,0.032947,0.030784,0.055645,0.018486,0.021036,0.008371,0.039419,0.022784,0.003741,0.025496,0.018519,0.011079,0.00173,0.027419
157,MWI,Malawi,1968,Mzimba,22871,SC Jaravikuba Munthali,,,,,Sub-chief,Sub-chief,Unknown,Unknown,,0.55866797,0.013338291,0.071461,0.009315,0.078572,0.014766,0.028612,0.001825,0.045874,0.026396,0.00508,0.028604,0.016245,0.016049,0.00193,0.030729
157,MWI,Malawi,1968,Mzimba,22872,SC Kampingo Sibande,,,,,Sub-chief,Sub-chief,Unknown,Unknown,,2.076132144,0.080447333,0.089869,0.027683,0.101762,0.05563,0.028321,0.007786,0.058457,0.022037,0.003856,0.022395,0.025297,0.026432,0.001513,0.041635
157,MWI,Malawi,1968,Mzimba,22873,SC Khosolo Gwaza Jere,,,,,Sub-chief,Sub-chief,Unknown,Unknown,,1.781758298,0.078055705,0.127795,0.033315,0.144516,0.013123,0.031051,0.003037,0.049812,0.064135,0.00865,0.06791,0.0292,0.025378,0.001857,0.045722
157,MWI,Malawi,1968,Mzimba,22874,TA Chindi,,,,,Traditional Authority,Traditional Authority,Unknown,Unknown,,1.980769776,0.145460029,0.088827,0.014805,0.093236,0.012433,0.020277,0.003216,0.028933,0.033706,0.006804,0.036,0.011332,0.010958,0.001903,0.018668
157,MWI,Malawi,1968,Mzimba,22875,TA Mabulabo,,,,,Traditional Authority,Traditional Authority,Unknown,Unknown,,1.543946812,0.061983758,0.143081,0.017403,0.145234,0.018336,0.037532,0.003194,0.052221,0.075714,0.004812,0.076211,0.094158,0.048391,0.002582,0.126182
157,MWI,Malawi,1968,Mzimba,22876,TA M'Mbelwa,,,,,Traditional Authority,Traditional Authority,Unknown,Unknown,,2.162996675,0.095188548,0.133551,0.015461,0.134024,0.016739,0.02762,0.004798,0.041242,0.027671,0.010586,0.033922,0.025708,0.014204,0.002622,0.039214
157,MWI,Malawi,1968,Mzimba,22877,TA Mpherembe,,,,,Traditional Authority,Traditional Authority,Unknown,Unknown,,1.201220434,0.054105715,0.070665,0.013698,0.074744,0.010332,0.026966,0.00397,0.03461,0.046121,0.004895,0.046973,0.010269,0.011271,0.001972,0.017618
157,MWI,Malawi,1968,Mzimba,22878,TA Mtwalo,,,,,Traditional Authority,Traditional Authority,Unknown,Unknown,,2.716238853,0.16253646,0.084595,0.012875,0.084178,0.016774,0.030374,0.006453,0.04893,0.030832,0.004418,0.031986,0.0413,0.026084,0.001879,0.058458
157,MWI,Malawi,1968,Mzimba,22879,TA Mzikubola,,,,,Traditional Authority,Traditional Authority,Unknown,Unknown,,1.746376065,0.120271026,0.051771,0.014381,0.056463,0.033719,0.016567,0.005384,0.032452,0.021363,0.005257,0.023489,0.020544,0.023703,0.001723,0.045226
157,MWI,Malawi,1968,Mzimba,22880,TA Mzukuzuku,,,,,Traditional Authority,Traditional Authority,Unknown,Unknown,,0.744323054,0.022215657,0.100281,0.008312,0.10162,0.014354,0.025709,0.004545,0.03734,0.015455,0.003976,0.016339,0.023037,0.010373,0.00491,0.053117
157,MWI,Malawi,1968,Mzimba,22881,Vwaza Marsh Game Reserve - Mzimba,,,,,Reserve,Reserve,Unknown,Unknown,,0.604068455,0.012685229,0.088902,0.024537,0.104128,0.01177,0.027987,0.006066,0.035763,0.03124,0.006,0.033489,0.009818,0.009329,0.001807,0.017068
157,MWI,Malawi,1969,Nkhata Bay,22882,Lake Malawi,,,,,Water body,Water body,Unknown,Unknown,,5.174335567,0.651825041,0.145697,0.058924,0.20167,0.001669,0.025535,0.003138,0.037932,0.072827,0.020937,0.091845,0.018619,0.035243,0.002543,0.045293
157,MWI,Malawi,1969,Nkhata Bay,22883,SC Fukamalaza,,,,,Sub-chief,Sub-chief,Unknown,Unknown,,0.408489354,0.003746144,0.110424,0.048762,0.157105,0.004977,0.124317,0.011001,0.141256,0.038408,0.022685,0.062277,0.010457,0.054191,0.002943,0.059933
157,MWI,Malawi,1969,Nkhata Bay,22884,SC Malanda,,,,,Sub-chief,Sub-chief,Unknown,Unknown,,0.565681673,0.014052667,0.060695,0.047367,0.097945,0.002954,0.136032,0.004328,0.12407,0.030939,0.0093,0.038792,0.008536,0.055566,0.002525,0.054734
157,MWI,Malawi,1969,Nkhata Bay,22885,SC Nyaluwanga,,,,,Sub-chief,Sub-chief,Unknown,Unknown,,0.570391443,0.009289773,0.031897,0.011624,0.039481,0.009788,0.024611,0.013447,0.038328,0.01977,0.007778,0.023212,0.00902,0.017585,0.001884,0.025358
157,MWI,Malawi,1969,Nkhata Bay,22886,SC Zilakoma,,,,,Sub-chief,Sub-chief,Unknown,Unknown,,0.931517812,0.039475483,0.06098,0.042326,0.094639,0.019782,0.021013,0.003248,0.036008,0.025034,0.015255,0.037153,0.020692,0.076833,0.002194,0.095368
157,MWI,Malawi,1969,Nkhata Bay,22887,TA Fukamapiri,,,,,Traditional Authority,Traditional Authority,Unknown,Unknown,,0.654757641,0.017706913,0.081619,0.119422,0.188455,0.00255,0.065919,0.003345,0.065575,0.032316,0.007955,0.036822,0.027189,0.1635,0.002601,0.183612
157,MWI,Malawi,1969,Nkhata Bay,22888,TA Kabunduli,,,,,Traditional Authority,Traditional Authority,Unknown,Unknown,,2.048882203,0.141470341,0.052078,0.04232,0.083979,0.025313,0.03892,0.004899,0.058384,0.029453,0.006166,0.033365,0.016216,0.050989,0.001836,0.061421
157,MWI,Malawi,1969,Nkhata Bay,22889,TA Malenga Mzoma,,,,,Traditional Authority,Traditional Authority,Unknown,Unknown,,0.26627131,0.003335539,0.060844,0.055705,0.100593,0.002075,0.091729,0.005013,0.094706,0.030524,0.008409,0.03402,0.017148,0.133708,0.003271,0.149664
157,MWI,Malawi,1969,Nkhata Bay,22890,TA Musisya,,,,,Traditional Authority,Traditional Authority,Unknown,Unknown,,1.139351975,0.036321474,0.071873,0.017261,0.084984,0.016956,0.031027,0.00733,0.051514,0.016924,0.008893,0.022094,0.00937,0.032569,0.001702,0.045335
157,MWI,Malawi,1969,Nkhata Bay,22891,TA Timbiri,,,,,Traditional Authority,Traditional Authority,Unknown,Unknown,,1.143522356,0.028499118,0.02936,0.025062,0.04515,0.003673,0.054935,0.009237,0.059715,0.029891,0.031925,0.060704,0.008733,0.053569,0.002659,0.052767
157,MWI,Malawi,1970,Nkhotakota,22892,Lake Malawi,,,,,Water body,Water body,Unknown,Unknown,,3.578054398,0.295749153,0.170186,0.093457,0.25056,0.001528,0.018063,0.005194,0.019979,0.139761,0.014258,0.150111,0.025069,0.038298,0.003009,0.058285
157,MWI,Malawi,1970,Nkhotakota,22894,Nkhotakota Game Reserve,,,,,Reserve,Reserve,Unknown,Unknown,,2.348023378,0.150007567,0.195556,0.053454,0.220386,0.005119,0.027633,0.004132,0.035474,0.121029,0.009092,0.121744,0.016006,0.02118,0.002212,0.030425
157,MWI,Malawi,1970,Nkhotakota,22895,SC Kafuzila,,,,,Sub-chief,Sub-chief,Unknown,Unknown,,1.221109337,0.046206297,0.06149,0.052162,0.080263,0.012898,0.017584,0.004788,0.02954,0.031371,0.023111,0.050619,0.013839,0.033179,0.005619,0.050418
157,MWI,Malawi,1970,Nkhotakota,22896,SC Mphonde,,,,,Sub-chief,Sub-chief,Unknown,Unknown,,0.545011203,0.010488527,0.183623,0.047262,0.21133,0.002004,0.014218,0.006816,0.015302,0.313536,0.009254,0.307895,0.019467,0.056205,0.003645,0.074507
157,MWI,Malawi,1970,Nkhotakota,22897,SC Mwansambo,,,,,Sub-chief,Sub-chief,Unknown,Unknown,,0.739710127,0.020182474,0.161644,0.028513,0.186901,0.004922,0.012278,0.008527,0.018302,0.106911,0.004801,0.105294,0.009163,0.016792,0.00348,0.018703
157,MWI,Malawi,1970,Nkhotakota,22898,TA Kanyenda,,,,,Traditional Authority,Traditional Authority,Unknown,Unknown,,1.743787493,0.050401334,0.195706,0.0858,0.231368,0.002746,0.037761,0.010493,0.036432,0.14894,0.019522,0.158125,0.012472,0.031406,0.003814,0.042107
157,MWI,Malawi,1970,Nkhotakota,22899,TA Malenga Chanzi,,,,,Traditional Authority,Traditional Authority,Unknown,Unknown,,0.991092241,0.026714837,0.193808,0.072691,0.232675,0.001984,0.017508,0.005765,0.01675,0.3137,0.005638,0.312286,0.015403,0.027825,0.0037,0.045524
157,MWI,Malawi,1970,Nkhotakota,22900,TA Mwadzama,,,,,Traditional Authority,Traditional Authority,Unknown,Unknown,,1.264053939,0.052967289,0.153133,0.048766,0.193781,0.003024,0.013409,0.00953,0.013809,0.179695,0.006292,0.178856,0.008283,0.044571,0.003174,0.054557
157,MWI,Malawi,1971,Nsanje,22901,Mwabvi Game Reserve,,,,,Reserve,Reserve,Unknown,Unknown,,0.763350686,0.028926244,0.232324,0.075006,0.311646,0.000397,0.012244,0.00326,0.015802,0.099735,0.00572,0.105087,0.055083,0.013993,0.003018,0.06896
157,MWI,Malawi,1971,Nsanje,22902,Nsanje Boma,,,,,Boma,Headquarter,Unknown,Unknown,,0.159134019,0.001325759,0.261083,0.096962,0.347694,0.00031,0.012839,0.005433,0.016164,0.378633,0.006411,0.386002,0.056198,0.038201,0.003487,0.096867
157,MWI,Malawi,1971,Nsanje,22903,SC Makoka,,,,,Sub-chief,Sub-chief,Unknown,Unknown,,0.44692729,0.005598818,0.16986,0.035929,0.234339,0.000715,0.010828,0.000839,0.014071,0.080012,0.006814,0.086059,0.057411,0.026139,0.002962,0.083548
157,MWI,Malawi,1971,Nsanje,22904,SC Mbenje,,,,,Sub-chief,Sub-chief,Unknown,Unknown,,0.804666553,0.026875556,0.25274,0.086663,0.338822,0.000312,0.012098,0.004265,0.014492,0.175442,0.005365,0.177197,0.073304,0.015525,0.003685,0.092641
157,MWI,Malawi,1971,Nsanje,22905,TA Chimombo,,,,,Traditional Authority,Traditional Authority,Unknown,Unknown,,0.328519516,0.003019578,0.237599,0.065271,0.32799,0.000279,0.010257,0.002439,0.011145,0.215911,0.005585,0.217461,0.098331,0.018311,0.006988,0.126381
157,MWI,Malawi,1971,Nsanje,22906,TA Malemia,,,,,Traditional Authority,Traditional Authority,Unknown,Unknown,,0.768982528,0.012131225,0.201546,0.062842,0.267956,0.000759,0.01318,0.002592,0.019096,0.206542,0.006745,0.211458,0.050726,0.045926,0.00296,0.098967
157,MWI,Malawi,1971,Nsanje,22907,TA Mlolo,,,,,Traditional Authority,Traditional Authority,Unknown,Unknown,,0.767843286,0.029013844,0.259538,0.09445,0.344459,0.000323,0.0128,0.004982,0.015044,0.267098,0.009923,0.273403,0.054713,0.012696,0.004373,0.06583
157,MWI,Malawi,1971,Nsanje,22908,TA Ndamera,,,,,Traditional Authority,Traditional Authority,Unknown,Unknown,,0.645816233,0.015995666,0.222821,0.058677,0.307654,0.000359,0.010366,0.002062,0.01174,0.100661,0.007099,0.106108,0.1196,0.015626,0.004619,0.119975
157,MWI,Malawi,1971,Nsanje,22909,TA Ngabu,,,,,Traditional Authority,Traditional Authority,Unknown,Unknown,,0.422169669,0.005002591,0.224332,0.059711,0.309553,0.000365,0.010375,0.002167,0.011732,0.306727,0.005972,0.313072,0.062932,0.026479,0.003987,0.09302
157,MWI,Malawi,1971,Nsanje,22910,TA Nyachikadza,,,,,Traditional Authority,Traditional Authority,Unknown,Unknown,,0.441401287,0.006505968,0.253959,0.073651,0.349963,0.000226,0.010189,0.00307,0.010627,0.484911,0.008524,0.490122,0.092767,0.022419,0.003915,0.097116
157,MWI,Malawi,1971,Nsanje,22911,TA Tengani,,,,,Traditional Authority,Traditional Authority,Unknown,Unknown,,0.768154462,0.029023171,0.233083,0.075841,0.312666,0.000423,0.012216,0.003439,0.015716,0.202147,0.007498,0.2053,0.046065,0.059768,0.003341,0.111419
157,MWI,Malawi,1972,Ntcheu,22912,Ntcheu Boma,,,,,Boma,Headquarter,Unknown,Unknown,,0.138144203,0.000767771,0.088702,0.007564,0.092092,0.009959,0.007979,0.017564,0.008974,0.02851,0.012235,0.031818,0.064031,0.005333,0.001777,0.058738
157,MWI,Malawi,1972,Ntcheu,22913,SC Champiti,,,,,Sub-chief,Sub-chief,Unknown,Unknown,,0.399842144,0.007605553,0.144765,0.028446,0.170453,0.005272,0.014163,0.007251,0.012612,0.046796,0.025271,0.061148,0.106792,0.006812,0.002337,0.113608
157,MWI,Malawi,1972,Ntcheu,22914,SC Goodson Ganya,,,,,Sub-chief,Sub-chief,Unknown,Unknown,,1.188258319,0.06182784,0.183653,0.013687,0.187423,0.002917,0.00946,0.003815,0.009076,0.02947,0.007543,0.033697,0.00511,0.00486,0.002499,0.008596
157,MWI,Malawi,1972,Ntcheu,22915,SC Makwangwala,,,,,Sub-chief,Sub-chief,Unknown,Unknown,,0.994030974,0.042178733,0.167301,0.018296,0.176544,0.003865,0.019704,0.007405,0.018331,0.030738,0.031936,0.049507,0.017682,0.01089,0.002159,0.024305
157,MWI,Malawi,1972,Ntcheu,22916,TA Chakhumbira,,,,,Traditional Authority,Traditional Authority,Unknown,Unknown,,0.478116289,0.009289004,0.085254,0.007926,0.087634,0.013476,0.010543,0.002147,0.01344,0.022076,0.004517,0.022764,0.005588,0.003907,0.001775,0.008505
157,MWI,Malawi,1972,Ntcheu,22918,TA Masasa,,,,,Traditional Authority,Traditional Authority,Unknown,Unknown,,1.059746024,0.02124146,0.23568,0.027815,0.265502,0.003936,0.010481,0.003539,0.010758,0.047923,0.010685,0.054424,0.005594,0.005519,0.002643,0.009862
157,MWI,Malawi,1972,Ntcheu,22919,TA Mpando,,,,,Traditional Authority,Traditional Authority,Unknown,Unknown,,1.323980668,0.035055632,0.058262,0.009813,0.061748,0.014187,0.011152,0.004456,0.01409,0.020925,0.006362,0.023054,0.047488,0.005196,0.001513,0.044311
157,MWI,Malawi,1972,Ntcheu,22920,TA Njolomole,,,,,Traditional Authority,Traditional Authority,Unknown,Unknown,,0.866882973,0.02059782,0.122836,0.00985,0.125734,0.009346,0.00931,0.005986,0.009534,0.024437,0.00574,0.025834,0.010617,0.004726,0.002029,0.01335
157,MWI,Malawi,1972,Ntcheu,22921,TA Phambala,,,,,Traditional Authority,Traditional Authority,Unknown,Unknown,,1.17219837,0.057558314,0.146398,0.064878,0.200635,0.00442,0.018393,0.006018,0.015116,0.033134,0.018544,0.051608,0.10467,0.017011,0.002466,0.101909
157,MWI,Malawi,1973,Ntchisi,22923,SC Chilooko,,,,,Sub-chief,Sub-chief,Unknown,Unknown,,1.118602295,0.044116485,0.290437,0.119793,0.338155,0.013057,0.031144,0.007614,0.040902,0.06265,0.006548,0.063997,0.03419,0.029752,0.003665,0.058374
157,MWI,Malawi,1973,Ntchisi,22924,SC Nthondo,,,,,Sub-chief,Sub-chief,Unknown,Unknown,,0.952626386,0.017570419,0.194,0.098659,0.282831,0.025118,0.027786,0.004314,0.05105,0.049033,0.005913,0.050017,0.019216,0.018375,0.002518,0.023454
157,MWI,Malawi,1973,Ntchisi,22925,TA Chikho,,,,,Traditional Authority,Traditional Authority,Unknown,Unknown,,0.708518334,0.020362862,0.042076,0.04073,0.0687,0.083194,0.025787,0.010344,0.092797,0.019745,0.002857,0.020327,0.026369,0.020095,0.003599,0.041772
157,MWI,Malawi,1973,Ntchisi,22926,TA Kalumo,,,,,Traditional Authority,Traditional Authority,Unknown,Unknown,,1.159147466,0.04379871,0.093798,0.079652,0.152325,0.037603,0.033407,0.011172,0.064204,0.039859,0.00826,0.044515,0.058505,0.021011,0.002232,0.075625
157,MWI,Malawi,1973,Ntchisi,22927,TA Kasakula,,,,,Traditional Authority,Traditional Authority,Unknown,Unknown,,0.514324455,0.006770031,0.082691,0.062766,0.134692,0.051726,0.018446,0.008784,0.063593,0.051585,0.004522,0.051904,0.033233,0.029036,0.004526,0.055486
157,MWI,Malawi,1973,Ntchisi,22928,TA Kasukula,,,,,Traditional Authority,Traditional Authority,Unknown,Unknown,,0.559952589,0.010494494,0.091578,0.071535,0.164032,0.039728,0.018849,0.004869,0.055702,0.05222,0.004524,0.052734,0.024481,0.020527,0.002663,0.03104
157,MWI,Malawi,1974,Phalombe,22929,Lake Chilwa,,,,,Water body,Water body,Unknown,Unknown,,0.417814549,0.008147309,0.172897,0.071875,0.22162,0.002399,0.0171,0.005163,0.019053,0.141303,0.005134,0.143058,0.009749,0.007767,0.003198,0.018537
157,MWI,Malawi,1974,Phalombe,22930,TA Mkhumba,,,,,Traditional Authority,Traditional Authority,Unknown,Unknown,,1.506654032,0.071292247,0.157294,0.050716,0.198854,0.003572,0.014422,0.002513,0.01857,0.088049,0.004628,0.088962,0.008637,0.006213,0.002692,0.011281
157,MWI,Malawi,1974,Phalombe,22931,TA Nazombe,,,,,Traditional Authority,Traditional Authority,Unknown,Unknown,,1.279983734,0.042371579,0.160384,0.058257,0.206094,0.00259,0.017039,0.002908,0.021361,0.064621,0.004302,0.065794,0.006095,0.004581,0.002463,0.007767
157,MWI,Malawi,1975,Rumphi,22932,Lake Malawi,,,,,Water body,Water body,Unknown,Unknown,,1.747472347,0.16209513,0.175209,0.046209,0.234982,0.000866,0.012847,0.001547,0.019568,0.078902,0.013062,0.094793,0.015605,0.017682,0.002279,0.028201
157,MWI,Malawi,1975,Rumphi,22933,Nyika National Park - Rumphi,,,,,National Park,National Park,Unknown,Unknown,,1.870012038,0.140647774,0.043641,0.009742,0.0484,0.17052,0.031515,0.006898,0.076709,0.011759,0.005999,0.012826,0.015193,0.007767,0.001349,0.025601
157,MWI,Malawi,1975,Rumphi,22934,Rumphi Boma,,,,,Boma,Headquarter,Unknown,Unknown,,0.139692047,0.001031885,0.070551,0.00911,0.071719,0.00921,0.034982,0.002656,0.046843,0.01683,0.003237,0.017394,0.008435,0.007624,0.001985,0.011112
157,MWI,Malawi,1975,Rumphi,22935,SC Chapinduka,,,,,Sub-chief,Sub-chief,Unknown,Unknown,,0.420127439,0.008653737,0.093279,0.020305,0.11788,0.01261,0.018353,0.001221,0.03758,0.016461,0.006531,0.022296,0.005766,0.021896,0.001481,0.032369
157,MWI,Malawi,1975,Rumphi,22936,SC Kachulu,,,,,Sub-chief,Sub-chief,Unknown,Unknown,,0.610124843,0.011156429,0.081108,0.016737,0.100464,0.016566,0.018735,0.001169,0.039503,0.023178,0.008362,0.026695,0.010946,0.009177,0.001871,0.021479
157,MWI,Malawi,1975,Rumphi,22937,SC Mwahenga,,,,,Sub-chief,Sub-chief,Unknown,Unknown,,0.458697095,0.011061297,0.083497,0.017074,0.100758,0.015779,0.020715,0.001378,0.041597,0.011217,0.004112,0.01243,0.005166,0.010264,0.00199,0.014975
157,MWI,Malawi,1975,Rumphi,22938,SC Mwalweni,,,,,Sub-chief,Sub-chief,Unknown,Unknown,,0.973241517,0.020721661,0.095082,0.020346,0.11999,0.008513,0.017298,0.000992,0.034537,0.02464,0.007918,0.028878,0.008939,0.010121,0.001996,0.018792
157,MWI,Malawi,1975,Rumphi,22939,SC Mwankhunikira,,,,,Sub-chief,Sub-chief,Unknown,Unknown,,0.97288272,0.035626801,0.070145,0.012687,0.083271,0.025637,0.023329,0.001829,0.047675,0.013663,0.005052,0.015631,0.007338,0.012083,0.001723,0.020495
157,MWI,Malawi,1975,Rumphi,22940,TA Chikulamayembe,,,,,Traditional Authority,Traditional Authority,Unknown,Unknown,,1.589224001,0.065360052,0.076881,0.015402,0.088788,0.015039,0.025983,0.001849,0.043228,0.014632,0.00401,0.015866,0.005546,0.009233,0.002349,0.015818
157,MWI,Malawi,1975,Rumphi,22941,TA Katumbi,,,,,Traditional Authority,Traditional Authority,Unknown,Unknown,,0.511524623,0.006601948,0.084057,0.022693,0.101278,0.02178,0.022966,0.002085,0.04433,0.048776,0.016861,0.0623,0.008639,0.009306,0.00182,0.014267
157,MWI,Malawi,1975,Rumphi,22942,TA Mwamlowe,,,,,Traditional Authority,Traditional Authority,Unknown,Unknown,,0.568079047,0.013434671,0.100127,0.02122,0.128347,0.009589,0.016513,0.000987,0.033024,0.025972,0.00697,0.031152,0.008312,0.012693,0.001731,0.02035
157,MWI,Malawi,1975,Rumphi,22943,Vwaza Marsh Game Reserve - Rumphi,,,,,Reserve,Reserve,Unknown,Unknown,,1.520717654,0.076697395,0.097475,0.028361,0.117705,0.012519,0.024359,0.003175,0.037684,0.031864,0.008369,0.035478,0.012018,0.010215,0.001714,0.02086
157,MWI,Malawi,1976,Salima,22944,Lake Malawi,,,,,Water body,Water body,Unknown,Unknown,,3.112102666,0.094583009,0.102165,0.041819,0.147478,0.001764,0.0118,0.005343,0.011451,0.096898,0.011114,0.105883,0.008575,0.014228,0.002539,0.018978
157,MWI,Malawi,1976,Salima,22945,Salima Town,,,,,Town,Town,Unknown,Unknown,,0.190578421,0.001398515,0.040377,0.136122,0.14213,0.002045,0.009692,0.009386,0.009786,0.043521,0.031631,0.07001,0.012574,0.01581,0.003099,0.017195
157,MWI,Malawi,1976,Salima,22946,SC Kambalame,,,,,Sub-chief,Sub-chief,Unknown,Unknown,,0.287954443,0.004791977,0.096188,0.018318,0.117841,0.001634,0.009285,0.005,0.009494,0.054542,0.017662,0.067083,0.00388,0.009341,0.002459,0.011361
157,MWI,Malawi,1976,Salima,22947,SC Kambwiri,,,,,Sub-chief,Sub-chief,Unknown,Unknown,,0.722395714,0.022215593,0.049476,0.183329,0.246204,0.002369,0.01108,0.004887,0.012264,0.08834,0.1747,0.235128,0.0131,0.017565,0.002948,0.026689
157,MWI,Malawi,1976,Salima,22948,SC Mwanza,,,,,Sub-chief,Sub-chief,Unknown,Unknown,,0.640151973,0.01096405,0.081111,0.037727,0.129587,0.005632,0.017307,0.004442,0.029026,0.033739,0.004707,0.03552,0.006332,0.006892,0.003052,0.01058
157,MWI,Malawi,1976,Salima,22949,TA Karonga,,,,,Traditional Authority,Traditional Authority,Unknown,Unknown,,1.115548873,0.037337201,0.05927,0.137087,0.203276,0.002368,0.014721,0.005349,0.014799,0.055237,0.078423,0.13308,0.0104,0.011702,0.002875,0.01761
157,MWI,Malawi,1976,Salima,22950,TA Khombedza,,,,,Traditional Authority,Traditional Authority,Unknown,Unknown,,1.459980318,0.034741404,0.090708,0.026206,0.127904,0.002764,0.012382,0.006011,0.014509,0.057491,0.005949,0.060097,0.005308,0.013273,0.003126,0.015661
157,MWI,Malawi,1976,Salima,22951,TA Kuluunda,,,,,Traditional Authority,Traditional Authority,Unknown,Unknown,,0.788392613,0.015085243,0.060068,0.020654,0.075674,0.001642,0.010669,0.005637,0.010072,0.105963,0.007274,0.112187,0.007136,0.008132,0.002633,0.010622
157,MWI,Malawi,1976,Salima,22952,TA Maganga,,,,,Traditional Authority,Traditional Authority,Unknown,Unknown,,0.628572179,0.014379475,0.086355,0.046993,0.130385,0.001773,0.013308,0.006493,0.011355,0.059047,0.013942,0.06932,0.011181,0.011768,0.002585,0.01665
157,MWI,Malawi,1976,Salima,22953,TA Ndindi,,,,,Traditional Authority,Traditional Authority,Unknown,Unknown,,0.704100359,0.017132917,0.060483,0.021783,0.089175,0.002214,0.009107,0.006656,0.009665,0.070614,0.041382,0.104753,0.005732,0.011508,0.002608,0.014558
157,MWI,Malawi,1976,Salima,22954,TA Pemba,,,,,Traditional Authority,Traditional Authority,Unknown,Unknown,,0.422665171,0.008257578,0.060289,0.024451,0.08591,0.002007,0.009295,0.008068,0.009066,0.038064,0.019289,0.049377,0.008711,0.011147,0.002815,0.012817
157,MWI,Malawi,1977,Thyolo,22956,SC Kwethemule,,,,,Sub-chief,Sub-chief,Unknown,Unknown,,0.58449176,0.012737806,0.160763,0.045704,0.200081,0.002744,0.016623,0.001734,0.022783,0.079076,0.013239,0.081682,0.011542,0.004169,0.004744,0.027464
157,MWI,Malawi,1977,Thyolo,22957,SC Mbawela,,,,,Sub-chief,Sub-chief,Unknown,Unknown,,0.599101642,0.011062251,0.177133,0.057089,0.221661,0.001992,0.016635,0.00223,0.021228,0.081357,0.034219,0.1031,0.011979,0.003964,0.002988,0.014124
157,MWI,Malawi,1977,Thyolo,22958,SC Mphuka,,,,,Sub-chief,Sub-chief,Unknown,Unknown,,0.606720025,0.013390264,0.187832,0.054101,0.230494,0.0031,0.017037,0.002687,0.022131,0.083586,0.009415,0.086183,0.009735,0.005493,0.004579,0.028312
157,MWI,Malawi,1977,Thyolo,22959,SC Thukuta,,,,,Sub-chief,Sub-chief,Unknown,Unknown,,0.305876256,0.005048869,0.219258,0.070705,0.286625,0.000621,0.013344,0.002756,0.016475,0.162437,0.022141,0.181791,0.014539,0.008329,0.003412,0.016406
157,MWI,Malawi,1977,Thyolo,22960,TA Bvumbwe,,,,,Traditional Authority,Traditional Authority,Unknown,Unknown,,0.976332521,0.017601325,0.161411,0.03007,0.169798,0.009929,0.021739,0.005299,0.027865,0.031997,0.00794,0.037209,0.020078,0.008228,0.003584,0.030059
157,MWI,Malawi,1977,Thyolo,22961,TA Changata,,,,,Traditional Authority,Traditional Authority,Unknown,Unknown,,0.592565584,0.010229398,0.168202,0.053904,0.208596,0.002517,0.017604,0.002415,0.022568,0.087498,0.025653,0.095817,0.01699,0.004369,0.003803,0.022598
157,MWI,Malawi,1977,Thyolo,22962,TA Chimaliro,,,,,Traditional Authority,Traditional Authority,Unknown,Unknown,,0.87372013,0.023516149,0.242421,0.064921,0.258096,0.008353,0.019737,0.004742,0.022375,0.035555,0.008652,0.038325,0.013311,0.005944,0.003243,0.01548
157,MWI,Malawi,1977,Thyolo,22963,TA Kapichi,,,,,Traditional Authority,Traditional Authority,Unknown,Unknown,,0.5293302,0.011224394,0.218785,0.086876,0.257658,0.003315,0.02075,0.005772,0.021492,0.032284,0.062472,0.10129,0.011138,0.004753,0.003208,0.012343
157,MWI,Malawi,1977,Thyolo,22964,TA Nchilamwela,,,,,Traditional Authority,Traditional Authority,Unknown,Unknown,,0.802315731,0.015192409,0.181614,0.058762,0.209844,0.004714,0.020562,0.003105,0.024916,0.030156,0.009918,0.033776,0.008952,0.003995,0.002757,0.012723
157,MWI,Malawi,1977,Thyolo,22965,TA Nsabwe,,,,,Traditional Authority,Traditional Authority,Unknown,Unknown,,0.610341464,0.010204636,0.188312,0.055314,0.243929,0.001042,0.013985,0.001865,0.018509,0.133908,0.021353,0.146766,0.022008,0.006147,0.004214,0.0239
157,MWI,Malawi,1977,Thyolo,22966,TA Thomas,,,,,Traditional Authority,Traditional Authority,Unknown,Unknown,,0.474796622,0.009364191,0.193593,0.044513,0.227426,0.002968,0.01945,0.003261,0.022432,0.068802,0.009468,0.071515,0.011746,0.006909,0.003415,0.022349
157,MWI,Malawi,1978,Zomba,22968,Lake Chilwa,,,,,Water body,Water body,Unknown,Unknown,,1.319723682,0.045778678,0.172819,0.059231,0.214447,0.00249,0.01674,0.005623,0.018748,0.139301,0.006864,0.143158,0.012881,0.014343,0.003121,0.029804
157,MWI,Malawi,1978,Zomba,22969,SC Mbiza,,,,,Sub-chief,Sub-chief,Unknown,Unknown,,1.040573172,0.038274776,0.19046,0.105104,0.266097,0.004652,0.0128,0.004124,0.014545,0.177223,0.04122,0.210189,0.035769,0.017797,0.004638,0.053921
157,MWI,Malawi,1978,Zomba,22970,SC Mkumbira,,,,,Sub-chief,Sub-chief,Unknown,Unknown,,1.157256344,0.009983379,0.166908,0.051482,0.201588,0.002636,0.016472,0.005615,0.01756,0.177452,0.006732,0.176864,0.010333,0.02006,0.003336,0.034407
157,MWI,Malawi,1978,Zomba,22971,TA Chikowi,,,,,Traditional Authority,Traditional Authority,Unknown,Unknown,,0.673671951,0.015163173,0.094056,0.081788,0.147163,0.006344,0.010018,0.006644,0.012561,0.171904,0.013285,0.174411,0.025337,0.009276,0.002501,0.029816
157,MWI,Malawi,1978,Zomba,22972,TA Kuntumanji,,,,,Traditional Authority,Traditional Authority,Unknown,Unknown,,0.910918472,0.029432209,0.126237,0.045653,0.15795,0.002982,0.013486,0.007945,0.014011,0.220223,0.004843,0.215914,0.006494,0.019192,0.003416,0.025796
157,MWI,Malawi,1978,Zomba,22973,TA Malemia,,,,,Traditional Authority,Traditional Authority,Unknown,Unknown,,0.754125549,0.02456406,0.081446,0.045573,0.120227,0.018843,0.012373,0.005607,0.017465,0.105452,0.006782,0.104746,0.009867,0.007737,0.002148,0.01566
157,MWI,Malawi,1978,Zomba,22974,TA Mlumbe,,,,,Traditional Authority,Traditional Authority,Unknown,Unknown,,1.361137285,0.056203664,0.132125,0.125087,0.242553,0.005013,0.008921,0.007057,0.013307,0.088221,0.045055,0.120483,0.020759,0.010762,0.002765,0.024799
157,MWI,Malawi,1978,Zomba,22975,TA Mwambo,,,,,Traditional Authority,Traditional Authority,Unknown,Unknown,,0.934116268,0.036883118,0.103807,0.05286,0.145795,0.002842,0.009207,0.008186,0.012632,0.110313,0.003125,0.109791,0.007161,0.014086,0.00322,0.022985
157,MWI,Malawi,1978,Zomba,22976,Zomba City,,,,,City,City,Unknown,Unknown,,0.294750848,0.003372596,0.058087,0.047243,0.089472,0.00922,0.009667,0.006908,0.013081,0.061176,0.005448,0.060872,0.012465,0.006426,0.002051,0.01597
